Workbook

Sheet January 2026
C1: 2026
C2: Week 1 | G2: Week 2 | N2: Week 3 | U2: Week 4 | AB2: Week 5
C3: Jan | D3: Jan | E3: Jan | F3: Jan | G3: Jan | H3: Jan | I3: Jan | J3: Jan | K3: Jan | L3: Jan | M3: Jan | N3: Jan | O3: Jan | P3: Jan | Q3: Jan | R3: Jan | S3: Jan | T3: Jan | U3: Jan | V3: Jan | W3: Jan | X3: Jan | Y3: Jan | Z3: Jan | AA3: Jan | AB3: Jan | AC3: Jan | AD3: Jan | AE3: Jan | AF3: Jan | AG3: Jan | AH3: Absences this month | AJ3: Absence type | AK3: Code | AL3: Deduction
C4: 1 | D4: 2 | E4: 3 | F4: 4 | G4: 5 | H4: 6 | I4: 7 | J4: 8 | K4: 9 | L4: 10 | M4: 11 | N4: 12 | O4: 13 | P4: 14 | Q4: 15 | R4: 16 | S4: 17 | T4: 18 | U4: 19 | V4: 20 | W4: 21 | X4: 22 | Y4: 23 | Z4: 24 | AA4: 25 | AB4: 26 | AC4: 27 | AD4: 28 | AE4: 29 | AF4: 30 | AG4: 31
C5: Thu | D5: Fri | E5: Sat | F5: Sun | G5: Mon | H5: Tue | I5: Wed | J5: Thu | K5: Fri | L5: Sat | M5: Sun | N5: Mon | O5: Tue | P5: Wed | Q5: Thu | R5: Fri | S5: Sat | T5: Sun | U5: Mon | V5: Tue | W5: Wed | X5: Thu | Y5: Fri | Z5: Sat | AA5: Sun | AB5: Mon | AC5: Tue | AD5: Wed | AE5: Thu | AF5: Fri | AG5: Sat
A6: 1 | B6: Patience Tsikudo | C6: V | D6: V | K6: H | AH6: =(COUNTIF(C6:AG6,"H")*1)+(COUNTIF(C6:AG6,"H1")*0.5)+(COUNTIF(C6:AG6,"H2")*0.5)+(COUNTIF(C6:AG6,"Q")*0.25)+(COUNTIF(C6:AG6,"I")*1)+(COUNTIF(C6:AG6,"S")*0)+(COUNTIF(C6:AG6,"M")*1)+(COUNTIF(C6:AG6,"C")*0)+(COUNTIF(C6:AG6,"V")*1)+(COUNTIF(C6:AG6,"A")*1) -> 3 | AJ6: Holiday | AK6: H | AL6: 1
A7: 6 | B7: Emmanuel Tetteh | C7: V | D7: V | K7: H | R7: I | AH7: =(COUNTIF(C7:AG7,"H")*1)+(COUNTIF(C7:AG7,"H1")*0.5)+(COUNTIF(C7:AG7,"H2")*0.5)+(COUNTIF(C7:AG7,"Q")*0.25)+(COUNTIF(C7:AG7,"I")*1)+(COUNTIF(C7:AG7,"S")*0)+(COUNTIF(C7:AG7,"M")*1)+(COUNTIF(C7:AG7,"C")*0)+(COUNTIF(C7:AG7,"V")*1)+(COUNTIF(C7:AG7,"A")*1) -> 4 | AJ7: Half Day (morning) | AK7: H1 | AL7: 0.5
A8: 7 | B8: Solomon Sefah | C8: V | D8: V | K8: H | AH8: =(COUNTIF(C8:AG8,"H")*1)+(COUNTIF(C8:AG8,"H1")*0.5)+(COUNTIF(C8:AG8,"H2")*0.5)+(COUNTIF(C8:AG8,"Q")*0.25)+(COUNTIF(C8:AG8,"I")*1)+(COUNTIF(C8:AG8,"S")*0)+(COUNTIF(C8:AG8,"M")*1)+(COUNTIF(C8:AG8,"C")*0)+(COUNTIF(C8:AG8,"V")*1)+(COUNTIF(C8:AG8,"A")*1) -> 3 | AJ8: Half Day (afternoon) | AK8: H2 | AL8: 0.5
A9: 8 | B9: Maame Lankar De Veer | C9: V | D9: V | I9: H1 | K9: H | N9: S | AH9: =(COUNTIF(C9:AG9,"H")*1)+(COUNTIF(C9:AG9,"H1")*0.5)+(COUNTIF(C9:AG9,"H2")*0.5)+(COUNTIF(C9:AG9,"Q")*0.25)+(COUNTIF(C9:AG9,"I")*1)+(COUNTIF(C9:AG9,"S")*0)+(COUNTIF(C9:AG9,"M")*1)+(COUNTIF(C9:AG9,"C")*0)+(COUNTIF(C9:AG9,"V")*1)+(COUNTIF(C9:AG9,"A")*1) -> 3.5 | AJ9: Quarter day | AK9: Q | AL9: 0.25
A10: 9 | B10: Joel Akwesi Opoku | C10: V | D10: V | K10: H | AH10: =(COUNTIF(C10:AG10,"H")*1)+(COUNTIF(C10:AG10,"H1")*0.5)+(COUNTIF(C10:AG10,"H2")*0.5)+(COUNTIF(C10:AG10,"Q")*0.25)+(COUNTIF(C10:AG10,"I")*1)+(COUNTIF(C10:AG10,"S")*0)+(COUNTIF(C10:AG10,"M")*1)+(COUNTIF(C10:AG10,"C")*0)+(COUNTIF(C10:AG10,"V")*1)+(COUNTIF(C10:AG10,"A")*1) -> 3 | AJ10: Inactive | AK10: I | AL10: 1
A11: 11 | B11: Samuel Napaa | C11: V | D11: V | K11: H | X11: S | AH11: =(COUNTIF(C11:AG11,"H")*1)+(COUNTIF(C11:AG11,"H1")*0.5)+(COUNTIF(C11:AG11,"H2")*0.5)+(COUNTIF(C11:AG11,"Q")*0.25)+(COUNTIF(C11:AG11,"I")*1)+(COUNTIF(C11:AG11,"S")*0)+(COUNTIF(C11:AG11,"M")*1)+(COUNTIF(C11:AG11,"C")*0)+(COUNTIF(C11:AG11,"V")*1)+(COUNTIF(C11:AG11,"A")*1) -> 3 | AJ11: Sickness | AK11: S | AL11: 0
A12: 13 | B12: Cyril Elorm Dzamaklu | C12: V | D12: V | K12: H | AH12: =(COUNTIF(C12:AG12,"H")*1)+(COUNTIF(C12:AG12,"H1")*0.5)+(COUNTIF(C12:AG12,"H2")*0.5)+(COUNTIF(C12:AG12,"Q")*0.25)+(COUNTIF(C12:AG12,"I")*1)+(COUNTIF(C12:AG12,"S")*0)+(COUNTIF(C12:AG12,"M")*1)+(COUNTIF(C12:AG12,"C")*0)+(COUNTIF(C12:AG12,"V")*1)+(COUNTIF(C12:AG12,"A")*1) -> 3 | AJ12: Maternity/Paternity | AK12: M | AL12: 1
A13: 14 | B13: Edwin Sedem Lawuiekpor | C13: V | D13: V | K13: H | AH13: =(COUNTIF(C13:AG13,"H")*1)+(COUNTIF(C13:AG13,"H1")*0.5)+(COUNTIF(C13:AG13,"H2")*0.5)+(COUNTIF(C13:AG13,"Q")*0.25)+(COUNTIF(C13:AG13,"I")*1)+(COUNTIF(C13:AG13,"S")*0)+(COUNTIF(C13:AG13,"M")*1)+(COUNTIF(C13:AG13,"C")*0)+(COUNTIF(C13:AG13,"V")*1)+(COUNTIF(C13:AG13,"A")*1) -> 3 | AJ13: Compassionate | AK13: C | AL13: 0
A14: 15 | B14: Emmanuel Quansah | C14: V | D14: V | K14: H | AH14: =(COUNTIF(C14:AG14,"H")*1)+(COUNTIF(C14:AG14,"H1")*0.5)+(COUNTIF(C14:AG14,"H2")*0.5)+(COUNTIF(C14:AG14,"Q")*0.25)+(COUNTIF(C14:AG14,"I")*1)+(COUNTIF(C14:AG14,"S")*0)+(COUNTIF(C14:AG14,"M")*1)+(COUNTIF(C14:AG14,"C")*0)+(COUNTIF(C14:AG14,"V")*1)+(COUNTIF(C14:AG14,"A")*1) -> 3 | AJ14: Vacation | AK14: V | AL14: 1
A15: 16 | B15: Ben Oni Dankyi Ofosu | C15: V | D15: V | J15: S | K15: H | U15: S | AH15: =(COUNTIF(C15:AG15,"H")*1)+(COUNTIF(C15:AG15,"H1")*0.5)+(COUNTIF(C15:AG15,"H2")*0.5)+(COUNTIF(C15:AG15,"Q")*0.25)+(COUNTIF(C15:AG15,"I")*1)+(COUNTIF(C15:AG15,"S")*0)+(COUNTIF(C15:AG15,"M")*1)+(COUNTIF(C15:AG15,"C")*0)+(COUNTIF(C15:AG15,"V")*1)+(COUNTIF(C15:AG15,"A")*1) -> 3 | AJ15: Absent/No Show | AK15: A | AL15: 1
A16: 17 | B16: Wahab Amoako Domson | C16: V | D16: V | H16: C | J16: V | K16: H | AH16: =(COUNTIF(C16:AG16,"H")*1)+(COUNTIF(C16:AG16,"H1")*0.5)+(COUNTIF(C16:AG16,"H2")*0.5)+(COUNTIF(C16:AG16,"Q")*0.25)+(COUNTIF(C16:AG16,"I")*1)+(COUNTIF(C16:AG16,"S")*0)+(COUNTIF(C16:AG16,"M")*1)+(COUNTIF(C16:AG16,"C")*0)+(COUNTIF(C16:AG16,"V")*1)+(COUNTIF(C16:AG16,"A")*1) -> 4
A17: 18 | B17: Emmanuel Quarshie | C17: V | D17: V | K17: H | AH17: =(COUNTIF(C17:AG17,"H")*1)+(COUNTIF(C17:AG17,"H1")*0.5)+(COUNTIF(C17:AG17,"H2")*0.5)+(COUNTIF(C17:AG17,"Q")*0.25)+(COUNTIF(C17:AG17,"I")*1)+(COUNTIF(C17:AG17,"S")*0)+(COUNTIF(C17:AG17,"M")*1)+(COUNTIF(C17:AG17,"C")*0)+(COUNTIF(C17:AG17,"V")*1)+(COUNTIF(C17:AG17,"A")*1) -> 3
A18: 19 | B18: Ethel Prempeh | C18: V | D18: V | K18: H | O18: ` | U18: V | AH18: =(COUNTIF(C18:AG18,"H")*1)+(COUNTIF(C18:AG18,"H1")*0.5)+(COUNTIF(C18:AG18,"H2")*0.5)+(COUNTIF(C18:AG18,"Q")*0.25)+(COUNTIF(C18:AG18,"I")*1)+(COUNTIF(C18:AG18,"S")*0)+(COUNTIF(C18:AG18,"M")*1)+(COUNTIF(C18:AG18,"C")*0)+(COUNTIF(C18:AG18,"V")*1)+(COUNTIF(C18:AG18,"A")*1) -> 4
A19: 20 | B19: Isaac Appiah | C19: V | D19: V | K19: H | AH19: =(COUNTIF(C19:AG19,"H")*1)+(COUNTIF(C19:AG19,"H1")*0.5)+(COUNTIF(C19:AG19,"H2")*0.5)+(COUNTIF(C19:AG19,"Q")*0.25)+(COUNTIF(C19:AG19,"I")*1)+(COUNTIF(C19:AG19,"S")*0)+(COUNTIF(C19:AG19,"M")*1)+(COUNTIF(C19:AG19,"C")*0)+(COUNTIF(C19:AG19,"V")*1)+(COUNTIF(C19:AG19,"A")*1) -> 3
AH20: =(COUNTIF(C20:AG20,"H")*1)+(COUNTIF(C20:AG20,"H1")*0.5)+(COUNTIF(C20:AG20,"H2")*0.5)+(COUNTIF(C20:AG20,"Q")*0.25)+(COUNTIF(C20:AG20,"I")*1)+(COUNTIF(C20:AG20,"S")*0)+(COUNTIF(C20:AG20,"M")*1)+(COUNTIF(C20:AG20,"C")*0)+(COUNTIF(C20:AG20,"V")*1)+(COUNTIF(C20:AG20,"A")*1) -> 0
B21: 0 | AH21: =(COUNTIF(C21:AG21,"H")*1)+(COUNTIF(C21:AG21,"H1")*0.5)+(COUNTIF(C21:AG21,"H2")*0.5)+(COUNTIF(C21:AG21,"Q")*0.25)+(COUNTIF(C21:AG21,"I")*1)+(COUNTIF(C21:AG21,"S")*0)+(COUNTIF(C21:AG21,"M")*1)+(COUNTIF(C21:AG21,"C")*0)+(COUNTIF(C21:AG21,"V")*1)+(COUNTIF(C21:AG21,"A")*1) -> 0
B22: 0 | AH22: =(COUNTIF(C22:AG22,"H")*1)+(COUNTIF(C22:AG22,"H1")*0.5)+(COUNTIF(C22:AG22,"H2")*0.5)+(COUNTIF(C22:AG22,"Q")*0.25)+(COUNTIF(C22:AG22,"I")*1)+(COUNTIF(C22:AG22,"S")*0)+(COUNTIF(C22:AG22,"M")*1)+(COUNTIF(C22:AG22,"C")*0)+(COUNTIF(C22:AG22,"V")*1)+(COUNTIF(C22:AG22,"A")*1) -> 0
B23: 0 | AH23: =(COUNTIF(C23:AG23,"H")*1)+(COUNTIF(C23:AG23,"H1")*0.5)+(COUNTIF(C23:AG23,"H2")*0.5)+(COUNTIF(C23:AG23,"Q")*0.25)+(COUNTIF(C23:AG23,"I")*1)+(COUNTIF(C23:AG23,"S")*0)+(COUNTIF(C23:AG23,"M")*1)+(COUNTIF(C23:AG23,"C")*0)+(COUNTIF(C23:AG23,"V")*1)+(COUNTIF(C23:AG23,"A")*1) -> 0
B24: 0 | AH24: =(COUNTIF(C24:AG24,"H")*1)+(COUNTIF(C24:AG24,"H1")*0.5)+(COUNTIF(C24:AG24,"H2")*0.5)+(COUNTIF(C24:AG24,"Q")*0.25)+(COUNTIF(C24:AG24,"I")*1)+(COUNTIF(C24:AG24,"S")*0)+(COUNTIF(C24:AG24,"M")*1)+(COUNTIF(C24:AG24,"C")*0)+(COUNTIF(C24:AG24,"V")*1)+(COUNTIF(C24:AG24,"A")*1) -> 0
B25: 0 | AH25: =(COUNTIF(C25:AG25,"H")*1)+(COUNTIF(C25:AG25,"H1")*0.5)+(COUNTIF(C25:AG25,"H2")*0.5)+(COUNTIF(C25:AG25,"Q")*0.25)+(COUNTIF(C25:AG25,"I")*1)+(COUNTIF(C25:AG25,"S")*0)+(COUNTIF(C25:AG25,"M")*1)+(COUNTIF(C25:AG25,"C")*0)+(COUNTIF(C25:AG25,"V")*1)+(COUNTIF(C25:AG25,"A")*1) -> 0
B26: 0 | AH26: =(COUNTIF(C26:AG26,"H")*1)+(COUNTIF(C26:AG26,"H1")*0.5)+(COUNTIF(C26:AG26,"H2")*0.5)+(COUNTIF(C26:AG26,"Q")*0.25)+(COUNTIF(C26:AG26,"I")*1)+(COUNTIF(C26:AG26,"S")*0)+(COUNTIF(C26:AG26,"M")*1)+(COUNTIF(C26:AG26,"C")*0)+(COUNTIF(C26:AG26,"V")*1)+(COUNTIF(C26:AG26,"A")*1) -> 0
B27: 0 | AH27: =(COUNTIF(C27:AG27,"H")*1)+(COUNTIF(C27:AG27,"H1")*0.5)+(COUNTIF(C27:AG27,"H2")*0.5)+(COUNTIF(C27:AG27,"Q")*0.25)+(COUNTIF(C27:AG27,"I")*1)+(COUNTIF(C27:AG27,"S")*0)+(COUNTIF(C27:AG27,"M")*1)+(COUNTIF(C27:AG27,"C")*0)+(COUNTIF(C27:AG27,"V")*1)+(COUNTIF(C27:AG27,"A")*1) -> 0
B28: 0 | AH28: =(COUNTIF(C28:AG28,"H")*1)+(COUNTIF(C28:AG28,"H1")*0.5)+(COUNTIF(C28:AG28,"H2")*0.5)+(COUNTIF(C28:AG28,"Q")*0.25)+(COUNTIF(C28:AG28,"I")*1)+(COUNTIF(C28:AG28,"S")*0)+(COUNTIF(C28:AG28,"M")*1)+(COUNTIF(C28:AG28,"C")*0)+(COUNTIF(C28:AG28,"V")*1)+(COUNTIF(C28:AG28,"A")*1) -> 0
B29: 0 | AH29: =(COUNTIF(C29:AG29,"H")*1)+(COUNTIF(C29:AG29,"H1")*0.5)+(COUNTIF(C29:AG29,"H2")*0.5)+(COUNTIF(C29:AG29,"Q")*0.25)+(COUNTIF(C29:AG29,"I")*1)+(COUNTIF(C29:AG29,"S")*0)+(COUNTIF(C29:AG29,"M")*1)+(COUNTIF(C29:AG29,"C")*0)+(COUNTIF(C29:AG29,"V")*1)+(COUNTIF(C29:AG29,"A")*1) -> 0
B30: 0 | AH30: =(COUNTIF(C30:AG30,"H")*1)+(COUNTIF(C30:AG30,"H1")*0.5)+(COUNTIF(C30:AG30,"H2")*0.5)+(COUNTIF(C30:AG30,"Q")*0.25)+(COUNTIF(C30:AG30,"I")*1)+(COUNTIF(C30:AG30,"S")*0)+(COUNTIF(C30:AG30,"M")*1)+(COUNTIF(C30:AG30,"C")*0)+(COUNTIF(C30:AG30,"V")*1)+(COUNTIF(C30:AG30,"A")*1) -> 0
B31: 0 | AH31: =(COUNTIF(C31:AG31,"H")*1)+(COUNTIF(C31:AG31,"H1")*0.5)+(COUNTIF(C31:AG31,"H2")*0.5)+(COUNTIF(C31:AG31,"Q")*0.25)+(COUNTIF(C31:AG31,"I")*1)+(COUNTIF(C31:AG31,"S")*0)+(COUNTIF(C31:AG31,"M")*1)+(COUNTIF(C31:AG31,"C")*0)+(COUNTIF(C31:AG31,"V")*1)+(COUNTIF(C31:AG31,"A")*1) -> 0
B32: 0 | AH32: =(COUNTIF(C32:AG32,"H")*1)+(COUNTIF(C32:AG32,"H1")*0.5)+(COUNTIF(C32:AG32,"H2")*0.5)+(COUNTIF(C32:AG32,"Q")*0.25)+(COUNTIF(C32:AG32,"I")*1)+(COUNTIF(C32:AG32,"S")*0)+(COUNTIF(C32:AG32,"M")*1)+(COUNTIF(C32:AG32,"C")*0)+(COUNTIF(C32:AG32,"V")*1)+(COUNTIF(C32:AG32,"A")*1) -> 0
... B55: 0 | AH55: =(COUNTIF(C55:AG55,"H")*1)+(COUNTIF(C55:AG55,"H1")*0.5)+(COUNTIF(C55:AG55,"H2")*0.5)+(COUNTIF(C55:AG55,"Q")*0.25)+(COUNTIF(C55:AG55,"I")*1)+(COUNTIF(C55:AG55,"S")*0)+(COUNTIF(C55:AG55,"M")*1)+(COUNTIF(C55:AG55,"C")*0)+(COUNTIF(C55:AG55,"V")*1)+(COUNTIF(C55:AG55,"A")*1) -> 0

Sheet February 2026
C1: 2026
C2: W5 | D2: Week 6 | K2: Week 7 | R2: Week 8 | Y2: Week 9
C3: Feb | D3: Feb | E3: Feb | F3: Feb | G3: Feb | H3: Feb | I3: Feb | J3: Feb | K3: Feb | L3: Feb | M3: Feb | N3: Feb | O3: Feb | P3: Feb | Q3: Feb | R3: Feb | S3: Feb | T3: Feb | U3: Feb | V3: Feb | W3: Feb | X3: Feb | Y3: Feb | Z3: Feb | AA3: Feb | AB3: Feb | AC3: Feb | AD3: Feb | AE3: Absences this month | AG3: Absence type | AH3: Code | AI3: Deduction
C4: 1 | D4: 2 | E4: 3 | F4: 4 | G4: 5 | H4: 6 | I4: 7 | J4: 8 | K4: 9 | L4: 10 | M4: 11 | N4: 12 | O4: 13 | P4: 14 | Q4: 15 | R4: 16 | S4: 17 | T4: 18 | U4: 19 | V4: 20 | W4: 21 | X4: 22 | Y4: 23 | Z4: 24 | AA4: 25 | AB4: 26 | AC4: 27 | AD4: 28
C5: Sun | D5: Mon | E5: Tue | F5: Wed | G5: Thu | H5: Fri | I5: Sat | J5: Sun | K5: Mon | L5: Tue | M5: Wed | N5: Thu | O5: Fri | P5: Sat | Q5: Sun | R5: Mon | S5: Tue | T5: Wed | U5: Thu | V5: Fri | W5: Sat | X5: Sun | Y5: Mon | Z5: Tue | AA5: Wed | AB5: Thu | AC5: Fri | AD5: Sat
B6: ='January 2026'!B6 -> Patience Tsikudo | AE6: =(COUNTIF(C6:AD6,"H")*1)+(COUNTIF(C6:AD6,"H1")*0.5)+(COUNTIF(C6:AD6,"H2")*0.5)+(COUNTIF(C6:AD6,"Q")*0.25)+(COUNTIF(C6:AD6,"I")*1)+(COUNTIF(C6:AD6,"S")*0)+(COUNTIF(C6:AD6,"M")*1)+(COUNTIF(C6:AD6,"C")*0)+(COUNTIF(C6:AD6,"V")*1)+(COUNTIF(C6:AD6,"A")*1) -> 0 | AG6: Holiday | AH6: H | AI6: 1
B7: ='January 2026'!B7 -> Emmanuel Tetteh | F7: S | H7: S | K7: S | T7: S | U7: S | Z7: S | AA7: S | AB7: H2 | AE7: =(COUNTIF(C7:AD7,"H")*1)+(COUNTIF(C7:AD7,"H1")*0.5)+(COUNTIF(C7:AD7,"H2")*0.5)+(COUNTIF(C7:AD7,"Q")*0.25)+(COUNTIF(C7:AD7,"I")*1)+(COUNTIF(C7:AD7,"S")*0)+(COUNTIF(C7:AD7,"M")*1)+(COUNTIF(C7:AD7,"C")*0)+(COUNTIF(C7:AD7,"V")*1)+(COUNTIF(C7:AD7,"A")*1) -> 0.5 | AG7: Half Day (morning) | AH7: H1 | AI7: 0.5
B8: ='January 2026'!B8 -> Solomon Sefah | F8: M | H8: C | V8: V | AE8: =(COUNTIF(C8:AD8,"H")*1)+(COUNTIF(C8:AD8,"H1")*0.5)+(COUNTIF(C8:AD8,"H2")*0.5)+(COUNTIF(C8:AD8,"Q")*0.25)+(COUNTIF(C8:AD8,"I")*1)+(COUNTIF(C8:AD8,"S")*0)+(COUNTIF(C8:AD8,"M")*1)+(COUNTIF(C8:AD8,"C")*0)+(COUNTIF(C8:AD8,"V")*1)+(COUNTIF(C8:AD8,"A")*1) -> 2 | AG8: Half Day (afternoon) | AH8: H2 | AI8: 0.5
B9: ='January 2026'!B9 -> Maame Lankar De Veer | K9: S | AE9: =(COUNTIF(C9:AD9,"H")*1)+(COUNTIF(C9:AD9,"H1")*0.5)+(COUNTIF(C9:AD9,"H2")*0.5)+(COUNTIF(C9:AD9,"Q")*0.25)+(COUNTIF(C9:AD9,"I")*1)+(COUNTIF(C9:AD9,"S")*0)+(COUNTIF(C9:AD9,"M")*1)+(COUNTIF(C9:AD9,"C")*0)+(COUNTIF(C9:AD9,"V")*1)+(COUNTIF(C9:AD9,"A")*1) -> 0 | AG9: Quarter day | AH9: Q | AI9: 0.25
B10: ='January 2026'!B10 -> Joel Akwesi Opoku | AE10: =(COUNTIF(C10:AD10,"H")*1)+(COUNTIF(C10:AD10,"H1")*0.5)+(COUNTIF(C10:AD10,"H2")*0.5)+(COUNTIF(C10:AD10,"Q")*0.25)+(COUNTIF(C10:AD10,"I")*1)+(COUNTIF(C10:AD10,"S")*0)+(COUNTIF(C10:AD10,"M")*1)+(COUNTIF(C10:AD10,"C")*0)+(COUNTIF(C10:AD10,"V")*1)+(COUNTIF(C10:AD10,"A")*1) -> 0 | AG10: Inactive | AH10: I | AI10: 1
B11: ='January 2026'!B11 -> Samuel Napaa | D11: S | K11: H1 | S11: H2 | AE11: =(COUNTIF(C11:AD11,"H")*1)+(COUNTIF(C11:AD11,"H1")*0.5)+(COUNTIF(C11:AD11,"H2")*0.5)+(COUNTIF(C11:AD11,"Q")*0.25)+(COUNTIF(C11:AD11,"I")*1)+(COUNTIF(C11:AD11,"S")*0)+(COUNTIF(C11:AD11,"M")*1)+(COUNTIF(C11:AD11,"C")*0)+(COUNTIF(C11:AD11,"V")*1)+(COUNTIF(C11:AD11,"A")*1) -> 1 | AG11: Sickness | AH11: S | AI11: 0
B12: ='January 2026'!B12 -> Cyril Elorm Dzamaklu | AE12: =(COUNTIF(C12:AD12,"H")*1)+(COUNTIF(C12:AD12,"H1")*0.5)+(COUNTIF(C12:AD12,"H2")*0.5)+(COUNTIF(C12:AD12,"Q")*0.25)+(COUNTIF(C12:AD12,"I")*1)+(COUNTIF(C12:AD12,"S")*0)+(COUNTIF(C12:AD12,"M")*1)+(COUNTIF(C12:AD12,"C")*0)+(COUNTIF(C12:AD12,"V")*1)+(COUNTIF(C12:AD12,"A")*1) -> 0 | AG12: Maternity/Paternity | AH12: M | AI12: 1
B13: ='January 2026'!B13 -> Edwin Sedem Lawuiekpor | AE13: =(COUNTIF(C13:AD13,"H")*1)+(COUNTIF(C13:AD13,"H1")*0.5)+(COUNTIF(C13:AD13,"H2")*0.5)+(COUNTIF(C13:AD13,"Q")*0.25)+(COUNTIF(C13:AD13,"I")*1)+(COUNTIF(C13:AD13,"S")*0)+(COUNTIF(C13:AD13,"M")*1)+(COUNTIF(C13:AD13,"C")*0)+(COUNTIF(C13:AD13,"V")*1)+(COUNTIF(C13:AD13,"A")*1) -> 0 | AG13: Compassionate | AH13: C | AI13: 0
B14: ='January 2026'!B14 -> Emmanuel Quansah | K14: S | L14: S | M14: S | N14: V | AE14: =(COUNTIF(C14:AD14,"H")*1)+(COUNTIF(C14:AD14,"H1")*0.5)+(COUNTIF(C14:AD14,"H2")*0.5)+(COUNTIF(C14:AD14,"Q")*0.25)+(COUNTIF(C14:AD14,"I")*1)+(COUNTIF(C14:AD14,"S")*0)+(COUNTIF(C14:AD14,"M")*1)+(COUNTIF(C14:AD14,"C")*0)+(COUNTIF(C14:AD14,"V")*1)+(COUNTIF(C14:AD14,"A")*1) -> 1 | AG14: Vacation | AH14: V | AI14: 1
B15: ='January 2026'!B15 -> Ben Oni Dankyi Ofosu | AE15: =(COUNTIF(C15:AD15,"H")*1)+(COUNTIF(C15:AD15,"H1")*0.5)+(COUNTIF(C15:AD15,"H2")*0.5)+(COUNTIF(C15:AD15,"Q")*0.25)+(COUNTIF(C15:AD15,"I")*1)+(COUNTIF(C15:AD15,"S")*0)+(COUNTIF(C15:AD15,"M")*1)+(COUNTIF(C15:AD15,"C")*0)+(COUNTIF(C15:AD15,"V")*1)+(COUNTIF(C15:AD15,"A")*1) -> 0 | AG15: Absent/No Show | AH15: A | AI15: 1
B16: ='January 2026'!B16 -> Wahab Amoako Domson | AE16: =(COUNTIF(C16:AD16,"H")*1)+(COUNTIF(C16:AD16,"H1")*0.5)+(COUNTIF(C16:AD16,"H2")*0.5)+(COUNTIF(C16:AD16,"Q")*0.25)+(COUNTIF(C16:AD16,"I")*1)+(COUNTIF(C16:AD16,"S")*0)+(COUNTIF(C16:AD16,"M")*1)+(COUNTIF(C16:AD16,"C")*0)+(COUNTIF(C16:AD16,"V")*1)+(COUNTIF(C16:AD16,"A")*1) -> 0
B17: ='January 2026'!B17 -> Emmanuel Quarshie | G17: C | K17: V | R17: H1 | V17: Q | AE17: =(COUNTIF(C17:AD17,"H")*1)+(COUNTIF(C17:AD17,"H1")*0.5)+(COUNTIF(C17:AD17,"H2")*0.5)+(COUNTIF(C17:AD17,"Q")*0.25)+(COUNTIF(C17:AD17,"I")*1)+(COUNTIF(C17:AD17,"S")*0)+(COUNTIF(C17:AD17,"M")*1)+(COUNTIF(C17:AD17,"C")*0)+(COUNTIF(C17:AD17,"V")*1)+(COUNTIF(C17:AD17,"A")*1) -> 1.75
B18: ='January 2026'!B18 -> Ethel Prempeh | F18: Q | AE18: =(COUNTIF(C18:AD18,"H")*1)+(COUNTIF(C18:AD18,"H1")*0.5)+(COUNTIF(C18:AD18,"H2")*0.5)+(COUNTIF(C18:AD18,"Q")*0.25)+(COUNTIF(C18:AD18,"I")*1)+(COUNTIF(C18:AD18,"S")*0)+(COUNTIF(C18:AD18,"M")*1)+(COUNTIF(C18:AD18,"C")*0)+(COUNTIF(C18:AD18,"V")*1)+(COUNTIF(C18:AD18,"A")*1) -> 0.25
B19: ='January 2026'!B19 -> Isaac Appiah | AE19: =(COUNTIF(C19:AD19,"H")*1)+(COUNTIF(C19:AD19,"H1")*0.5)+(COUNTIF(C19:AD19,"H2")*0.5)+(COUNTIF(C19:AD19,"Q")*0.25)+(COUNTIF(C19:AD19,"I")*1)+(COUNTIF(C19:AD19,"S")*0)+(COUNTIF(C19:AD19,"M")*1)+(COUNTIF(C19:AD19,"C")*0)+(COUNTIF(C19:AD19,"V")*1)+(COUNTIF(C19:AD19,"A")*1) -> 0
B20: ='January 2026'!B20 -> 0 | M20: Q | AE20: =(COUNTIF(C20:AD20,"H")*1)+(COUNTIF(C20:AD20,"H1")*0.5)+(COUNTIF(C20:AD20,"H2")*0.5)+(COUNTIF(C20:AD20,"Q")*0.25)+(COUNTIF(C20:AD20,"I")*1)+(COUNTIF(C20:AD20,"S")*0)+(COUNTIF(C20:AD20,"M")*1)+(COUNTIF(C20:AD20,"C")*0)+(COUNTIF(C20:AD20,"V")*1)+(COUNTIF(C20:AD20,"A")*1) -> 0.25
B21: ='January 2026'!B21 -> 0 | AE21: =(COUNTIF(C21:AD21,"H")*1)+(COUNTIF(C21:AD21,"H1")*0.5)+(COUNTIF(C21:AD21,"H2")*0.5)+(COUNTIF(C21:AD21,"Q")*0.25)+(COUNTIF(C21:AD21,"I")*1)+(COUNTIF(C21:AD21,"S")*0)+(COUNTIF(C21:AD21,"M")*1)+(COUNTIF(C21:AD21,"C")*0)+(COUNTIF(C21:AD21,"V")*1)+(COUNTIF(C21:AD21,"A")*1) -> 0
B22: ='January 2026'!B22 -> 0 | AE22: =(COUNTIF(C22:AD22,"H")*1)+(COUNTIF(C22:AD22,"H1")*0.5)+(COUNTIF(C22:AD22,"H2")*0.5)+(COUNTIF(C22:AD22,"Q")*0.25)+(COUNTIF(C22:AD22,"I")*1)+(COUNTIF(C22:AD22,"S")*0)+(COUNTIF(C22:AD22,"M")*1)+(COUNTIF(C22:AD22,"C")*0)+(COUNTIF(C22:AD22,"V")*1)+(COUNTIF(C22:AD22,"A")*1) -> 0
B23: ='January 2026'!B23 -> 0 | AE23: =(COUNTIF(C23:AD23,"H")*1)+(COUNTIF(C23:AD23,"H1")*0.5)+(COUNTIF(C23:AD23,"H2")*0.5)+(COUNTIF(C23:AD23,"Q")*0.25)+(COUNTIF(C23:AD23,"I")*1)+(COUNTIF(C23:AD23,"S")*0)+(COUNTIF(C23:AD23,"M")*1)+(COUNTIF(C23:AD23,"C")*0)+(COUNTIF(C23:AD23,"V")*1)+(COUNTIF(C23:AD23,"A")*1) -> 0
B24: ='January 2026'!B24 -> 0 | AE24: =(COUNTIF(C24:AD24,"H")*1)+(COUNTIF(C24:AD24,"H1")*0.5)+(COUNTIF(C24:AD24,"H2")*0.5)+(COUNTIF(C24:AD24,"Q")*0.25)+(COUNTIF(C24:AD24,"I")*1)+(COUNTIF(C24:AD24,"S")*0)+(COUNTIF(C24:AD24,"M")*1)+(COUNTIF(C24:AD24,"C")*0)+(COUNTIF(C24:AD24,"V")*1)+(COUNTIF(C24:AD24,"A")*1) -> 0
B25: ='January 2026'!B25 -> 0 | AE25: =(COUNTIF(C25:AD25,"H")*1)+(COUNTIF(C25:AD25,"H1")*0.5)+(COUNTIF(C25:AD25,"H2")*0.5)+(COUNTIF(C25:AD25,"Q")*0.25)+(COUNTIF(C25:AD25,"I")*1)+(COUNTIF(C25:AD25,"S")*0)+(COUNTIF(C25:AD25,"M")*1)+(COUNTIF(C25:AD25,"C")*0)+(COUNTIF(C25:AD25,"V")*1)+(COUNTIF(C25:AD25,"A")*1) -> 0
B26: ='January 2026'!B26 -> 0 | AE26: =(COUNTIF(C26:AD26,"H")*1)+(COUNTIF(C26:AD26,"H1")*0.5)+(COUNTIF(C26:AD26,"H2")*0.5)+(COUNTIF(C26:AD26,"Q")*0.25)+(COUNTIF(C26:AD26,"I")*1)+(COUNTIF(C26:AD26,"S")*0)+(COUNTIF(C26:AD26,"M")*1)+(COUNTIF(C26:AD26,"C")*0)+(COUNTIF(C26:AD26,"V")*1)+(COUNTIF(C26:AD26,"A")*1) -> 0
B27: ='January 2026'!B27 -> 0 | AE27: =(COUNTIF(C27:AD27,"H")*1)+(COUNTIF(C27:AD27,"H1")*0.5)+(COUNTIF(C27:AD27,"H2")*0.5)+(COUNTIF(C27:AD27,"Q")*0.25)+(COUNTIF(C27:AD27,"I")*1)+(COUNTIF(C27:AD27,"S")*0)+(COUNTIF(C27:AD27,"M")*1)+(COUNTIF(C27:AD27,"C")*0)+(COUNTIF(C27:AD27,"V")*1)+(COUNTIF(C27:AD27,"A")*1) -> 0
B28: ='January 2026'!B28 -> 0 | AE28: =(COUNTIF(C28:AD28,"H")*1)+(COUNTIF(C28:AD28,"H1")*0.5)+(COUNTIF(C28:AD28,"H2")*0.5)+(COUNTIF(C28:AD28,"Q")*0.25)+(COUNTIF(C28:AD28,"I")*1)+(COUNTIF(C28:AD28,"S")*0)+(COUNTIF(C28:AD28,"M")*1)+(COUNTIF(C28:AD28,"C")*0)+(COUNTIF(C28:AD28,"V")*1)+(COUNTIF(C28:AD28,"A")*1) -> 0
B29: ='January 2026'!B29 -> 0 | AE29: =(COUNTIF(C29:AD29,"H")*1)+(COUNTIF(C29:AD29,"H1")*0.5)+(COUNTIF(C29:AD29,"H2")*0.5)+(COUNTIF(C29:AD29,"Q")*0.25)+(COUNTIF(C29:AD29,"I")*1)+(COUNTIF(C29:AD29,"S")*0)+(COUNTIF(C29:AD29,"M")*1)+(COUNTIF(C29:AD29,"C")*0)+(COUNTIF(C29:AD29,"V")*1)+(COUNTIF(C29:AD29,"A")*1) -> 0
B30: ='January 2026'!B30 -> 0 | AE30: =(COUNTIF(C30:AD30,"H")*1)+(COUNTIF(C30:AD30,"H1")*0.5)+(COUNTIF(C30:AD30,"H2")*0.5)+(COUNTIF(C30:AD30,"Q")*0.25)+(COUNTIF(C30:AD30,"I")*1)+(COUNTIF(C30:AD30,"S")*0)+(COUNTIF(C30:AD30,"M")*1)+(COUNTIF(C30:AD30,"C")*0)+(COUNTIF(C30:AD30,"V")*1)+(COUNTIF(C30:AD30,"A")*1) -> 0
B31: ='January 2026'!B31 -> 0 | AE31: =(COUNTIF(C31:AD31,"H")*1)+(COUNTIF(C31:AD31,"H1")*0.5)+(COUNTIF(C31:AD31,"H2")*0.5)+(COUNTIF(C31:AD31,"Q")*0.25)+(COUNTIF(C31:AD31,"I")*1)+(COUNTIF(C31:AD31,"S")*0)+(COUNTIF(C31:AD31,"M")*1)+(COUNTIF(C31:AD31,"C")*0)+(COUNTIF(C31:AD31,"V")*1)+(COUNTIF(C31:AD31,"A")*1) -> 0
B32: ='January 2026'!B32 -> 0 | AE32: =(COUNTIF(C32:AD32,"H")*1)+(COUNTIF(C32:AD32,"H1")*0.5)+(COUNTIF(C32:AD32,"H2")*0.5)+(COUNTIF(C32:AD32,"Q")*0.25)+(COUNTIF(C32:AD32,"I")*1)+(COUNTIF(C32:AD32,"S")*0)+(COUNTIF(C32:AD32,"M")*1)+(COUNTIF(C32:AD32,"C")*0)+(COUNTIF(C32:AD32,"V")*1)+(COUNTIF(C32:AD32,"A")*1) -> 0
... B55: ='January 2026'!B55 -> 0 | AE55: =(COUNTIF(C55:AD55,"H")*1)+(COUNTIF(C55:AD55,"H1")*0.5)+(COUNTIF(C55:AD55,"H2")*0.5)+(COUNTIF(C55:AD55,"Q")*0.25)+(COUNTIF(C55:AD55,"I")*1)+(COUNTIF(C55:AD55,"S")*0)+(COUNTIF(C55:AD55,"M")*1)+(COUNTIF(C55:AD55,"C")*0)+(COUNTIF(C55:AD55,"V")*1)+(COUNTIF(C55:AD55,"A")*1) -> 0

Sheet March 2026
C1: 2026
C2: W9 | D2: Week 10 | K2: Week 11 | R2: Week 12 | Y2: Week 13 | AF2: Week 14
C3: Mar | D3: Mar | E3: Mar | F3: Mar | G3: Mar | H3: Mar | I3: Mar | J3: Mar | K3: Mar | L3: Mar | M3: Mar | N3: Mar | O3: Mar | P3: Mar | Q3: Mar | R3: Mar | S3: Mar | T3: Mar | U3: Mar | V3: Mar | W3: Mar | X3: Mar | Y3: Mar | Z3: Mar | AA3: Mar | AB3: Mar | AC3: Mar | AD3: Mar | AE3: Mar | AF3: Mar | AG3: Mar | AH3: Absences this month | AJ3: Absence type | AK3: Code | AL3: Deduction
C4: 1 | D4: 2 | E4: 3 | F4: 4 | G4: 5 | H4: 6 | I4: 7 | J4: 8 | K4: 9 | L4: 10 | M4: 11 | N4: 12 | O4: 13 | P4: 14 | Q4: 15 | R4: 16 | S4: 17 | T4: 18 | U4: 19 | V4: 20 | W4: 21 | X4: 22 | Y4: 23 | Z4: 24 | AA4: 25 | AB4: 26 | AC4: 27 | AD4: 28 | AE4: 29 | AF4: 30 | AG4: 31
C5: Sun | D5: Mon | E5: Tue | F5: Wed | G5: Thu | H5: Fri | I5: Sat | J5: Sun | K5: Mon | L5: Tue | M5: Wed | N5: Thu | O5: Fri | P5: Sat | Q5: Sun | R5: Mon | S5: Tue | T5: Wed | U5: Thu | V5: Fri | W5: Sat | X5: Sun | Y5: Mon | Z5: Tue | AA5: Wed | AB5: Thu | AC5: Fri | AD5: Sat | AE5: Sun | AF5: Mon | AG5: Tue
B6: ='January 2026'!B6 -> Patience Tsikudo | H6: H | V6: H | Y6: H | AH6: =(COUNTIF(C6:AG6,"H")*1)+(COUNTIF(C6:AG6,"H1")*0.5)+(COUNTIF(C6:AG6,"H2")*0.5)+(COUNTIF(C6:AG6,"Q")*0.25)+(COUNTIF(C6:AG6,"I")*1)+(COUNTIF(C6:AG6,"S")*0)+(COUNTIF(C6:AG6,"M")*1)+(COUNTIF(C6:AG6,"C")*0)+(COUNTIF(C6:AG6,"V")*1)+(COUNTIF(C6:AG6,"A")*1) -> 3 | AJ6: Holiday | AK6: H | AL6: 1
B7: ='January 2026'!B7 -> Emmanuel Tetteh | E7: V | H7: H | R7: M | S7: M | T7: M | V7: H | Y7: H | AH7: =(COUNTIF(C7:AG7,"H")*1)+(COUNTIF(C7:AG7,"H1")*0.5)+(COUNTIF(C7:AG7,"H2")*0.5)+(COUNTIF(C7:AG7,"Q")*0.25)+(COUNTIF(C7:AG7,"I")*1)+(COUNTIF(C7:AG7,"S")*0)+(COUNTIF(C7:AG7,"M")*1)+(COUNTIF(C7:AG7,"C")*0)+(COUNTIF(C7:AG7,"V")*1)+(COUNTIF(C7:AG7,"A")*1) -> 6 | AJ7: Half Day (morning) | AK7: H1 | AL7: 0.5
B8: ='January 2026'!B8 -> Solomon Sefah | H8: H | K8: S | L8: S | M8: S | N8: S | O8: S | R8: S | S8: S | T8: S | V8: H | Y8: H | AH8: =(COUNTIF(C8:AG8,"H")*1)+(COUNTIF(C8:AG8,"H1")*0.5)+(COUNTIF(C8:AG8,"H2")*0.5)+(COUNTIF(C8:AG8,"Q")*0.25)+(COUNTIF(C8:AG8,"I")*1)+(COUNTIF(C8:AG8,"S")*0)+(COUNTIF(C8:AG8,"M")*1)+(COUNTIF(C8:AG8,"C")*0)+(COUNTIF(C8:AG8,"V")*1)+(COUNTIF(C8:AG8,"A")*1) -> 3 | AJ8: Half Day (afternoon) | AK8: H2 | AL8: 0.5
B9: ='January 2026'!B9 -> Maame Lankar De Veer | H9: H | K9: V | V9: H | Y9: H | AG9: S | AH9: =(COUNTIF(C9:AG9,"H")*1)+(COUNTIF(C9:AG9,"H1")*0.5)+(COUNTIF(C9:AG9,"H2")*0.5)+(COUNTIF(C9:AG9,"Q")*0.25)+(COUNTIF(C9:AG9,"I")*1)+(COUNTIF(C9:AG9,"S")*0)+(COUNTIF(C9:AG9,"M")*1)+(COUNTIF(C9:AG9,"C")*0)+(COUNTIF(C9:AG9,"V")*1)+(COUNTIF(C9:AG9,"A")*1) -> 4 | AJ9: Quarter day | AK9: Q | AL9: 0.25
B10: ='January 2026'!B10 -> Joel Akwesi Opoku | H10: H | V10: H | Y10: H | AH10: =(COUNTIF(C10:AG10,"H")*1)+(COUNTIF(C10:AG10,"H1")*0.5)+(COUNTIF(C10:AG10,"H2")*0.5)+(COUNTIF(C10:AG10,"Q")*0.25)+(COUNTIF(C10:AG10,"I")*1)+(COUNTIF(C10:AG10,"S")*0)+(COUNTIF(C10:AG10,"M")*1)+(COUNTIF(C10:AG10,"C")*0)+(COUNTIF(C10:AG10,"V")*1)+(COUNTIF(C10:AG10,"A")*1) -> 3 | AJ10: Inactive | AK10: I | AL10: 1
B11: ='January 2026'!B11 -> Samuel Napaa | H11: H | V11: H | Y11: H | AH11: =(COUNTIF(C11:AG11,"H")*1)+(COUNTIF(C11:AG11,"H1")*0.5)+(COUNTIF(C11:AG11,"H2")*0.5)+(COUNTIF(C11:AG11,"Q")*0.25)+(COUNTIF(C11:AG11,"I")*1)+(COUNTIF(C11:AG11,"S")*0)+(COUNTIF(C11:AG11,"M")*1)+(COUNTIF(C11:AG11,"C")*0)+(COUNTIF(C11:AG11,"V")*1)+(COUNTIF(C11:AG11,"A")*1) -> 3 | AJ11: Sickness | AK11: S | AL11: 0
B12: ='January 2026'!B12 -> Cyril Elorm Dzamaklu | H12: H | R12: V | V12: H | Y12: H | AB12: V | AC12: V | AF12: V | AG12: V | AH12: =(COUNTIF(C12:AG12,"H")*1)+(COUNTIF(C12:AG12,"H1")*0.5)+(COUNTIF(C12:AG12,"H2")*0.5)+(COUNTIF(C12:AG12,"Q")*0.25)+(COUNTIF(C12:AG12,"I")*1)+(COUNTIF(C12:AG12,"S")*0)+(COUNTIF(C12:AG12,"M")*1)+(COUNTIF(C12:AG12,"C")*0)+(COUNTIF(C12:AG12,"V")*1)+(COUNTIF(C12:AG12,"A")*1) -> 8 | AJ12: Maternity/Paternity | AK12: M | AL12: 1
B13: ='January 2026'!B13 -> Edwin Sedem Lawuiekpor | H13: H | K13: S | L13: S | M13: S | N13: S | V13: H | Y13: H | AB13: H2 | AH13: =(COUNTIF(C13:AG13,"H")*1)+(COUNTIF(C13:AG13,"H1")*0.5)+(COUNTIF(C13:AG13,"H2")*0.5)+(COUNTIF(C13:AG13,"Q")*0.25)+(COUNTIF(C13:AG13,"I")*1)+(COUNTIF(C13:AG13,"S")*0)+(COUNTIF(C13:AG13,"M")*1)+(COUNTIF(C13:AG13,"C")*0)+(COUNTIF(C13:AG13,"V")*1)+(COUNTIF(C13:AG13,"A")*1) -> 3.5 | AJ13: Compassionate | AK13: C | AL13: 0
B14: ='January 2026'!B14 -> Emmanuel Quansah | H14: H | K14: V | V14: H | Y14: H | AH14: =(COUNTIF(C14:AG14,"H")*1)+(COUNTIF(C14:AG14,"H1")*0.5)+(COUNTIF(C14:AG14,"H2")*0.5)+(COUNTIF(C14:AG14,"Q")*0.25)+(COUNTIF(C14:AG14,"I")*1)+(COUNTIF(C14:AG14,"S")*0)+(COUNTIF(C14:AG14,"M")*1)+(COUNTIF(C14:AG14,"C")*0)+(COUNTIF(C14:AG14,"V")*1)+(COUNTIF(C14:AG14,"A")*1) -> 4 | AJ14: Vacation | AK14: V | AL14: 1
B15: ='January 2026'!B15 -> Ben Oni Dankyi Ofosu | H15: H | V15: H | Y15: H | AH15: =(COUNTIF(C15:AG15,"H")*1)+(COUNTIF(C15:AG15,"H1")*0.5)+(COUNTIF(C15:AG15,"H2")*0.5)+(COUNTIF(C15:AG15,"Q")*0.25)+(COUNTIF(C15:AG15,"I")*1)+(COUNTIF(C15:AG15,"S")*0)+(COUNTIF(C15:AG15,"M")*1)+(COUNTIF(C15:AG15,"C")*0)+(COUNTIF(C15:AG15,"V")*1)+(COUNTIF(C15:AG15,"A")*1) -> 3 | AJ15: Absent/No Show | AK15: A | AL15: 1
B16: ='January 2026'!B16 -> Wahab Amoako Domson | H16: H | V16: H | Y16: H | AH16: =(COUNTIF(C16:AG16,"H")*1)+(COUNTIF(C16:AG16,"H1")*0.5)+(COUNTIF(C16:AG16,"H2")*0.5)+(COUNTIF(C16:AG16,"Q")*0.25)+(COUNTIF(C16:AG16,"I")*1)+(COUNTIF(C16:AG16,"S")*0)+(COUNTIF(C16:AG16,"M")*1)+(COUNTIF(C16:AG16,"C")*0)+(COUNTIF(C16:AG16,"V")*1)+(COUNTIF(C16:AG16,"A")*1) -> 3
B17: ='January 2026'!B17 -> Emmanuel Quarshie | H17: H | V17: H | Y17: H | AH17: =(COUNTIF(C17:AG17,"H")*1)+(COUNTIF(C17:AG17,"H1")*0.5)+(COUNTIF(C17:AG17,"H2")*0.5)+(COUNTIF(C17:AG17,"Q")*0.25)+(COUNTIF(C17:AG17,"I")*1)+(COUNTIF(C17:AG17,"S")*0)+(COUNTIF(C17:AG17,"M")*1)+(COUNTIF(C17:AG17,"C")*0)+(COUNTIF(C17:AG17,"V")*1)+(COUNTIF(C17:AG17,"A")*1) -> 3
B18: ='January 2026'!B18 -> Ethel Prempeh | H18: H | V18: H | Y18: H | AH18: =(COUNTIF(C18:AG18,"H")*1)+(COUNTIF(C18:AG18,"H1")*0.5)+(COUNTIF(C18:AG18,"H2")*0.5)+(COUNTIF(C18:AG18,"Q")*0.25)+(COUNTIF(C18:AG18,"I")*1)+(COUNTIF(C18:AG18,"S")*0)+(COUNTIF(C18:AG18,"M")*1)+(COUNTIF(C18:AG18,"C")*0)+(COUNTIF(C18:AG18,"V")*1)+(COUNTIF(C18:AG18,"A")*1) -> 3
B19: ='January 2026'!B19 -> Isaac Appiah | H19: H | K19: C | L19: C | M19: C | N19: C | O19: C | V19: H | Y19: H | AH19: =(COUNTIF(C19:AG19,"H")*1)+(COUNTIF(C19:AG19,"H1")*0.5)+(COUNTIF(C19:AG19,"H2")*0.5)+(COUNTIF(C19:AG19,"Q")*0.25)+(COUNTIF(C19:AG19,"I")*1)+(COUNTIF(C19:AG19,"S")*0)+(COUNTIF(C19:AG19,"M")*1)+(COUNTIF(C19:AG19,"C")*0)+(COUNTIF(C19:AG19,"V")*1)+(COUNTIF(C19:AG19,"A")*1) -> 3
B20: ='January 2026'!B20 -> 0 | AH20: =(COUNTIF(C20:AG20,"H")*1)+(COUNTIF(C20:AG20,"H1")*0.5)+(COUNTIF(C20:AG20,"H2")*0.5)+(COUNTIF(C20:AG20,"Q")*0.25)+(COUNTIF(C20:AG20,"I")*1)+(COUNTIF(C20:AG20,"S")*0)+(COUNTIF(C20:AG20,"M")*1)+(COUNTIF(C20:AG20,"C")*0)+(COUNTIF(C20:AG20,"V")*1)+(COUNTIF(C20:AG20,"A")*1) -> 0
B21: ='January 2026'!B21 -> 0 | AH21: =(COUNTIF(C21:AG21,"H")*1)+(COUNTIF(C21:AG21,"H1")*0.5)+(COUNTIF(C21:AG21,"H2")*0.5)+(COUNTIF(C21:AG21,"Q")*0.25)+(COUNTIF(C21:AG21,"I")*1)+(COUNTIF(C21:AG21,"S")*0)+(COUNTIF(C21:AG21,"M")*1)+(COUNTIF(C21:AG21,"C")*0)+(COUNTIF(C21:AG21,"V")*1)+(COUNTIF(C21:AG21,"A")*1) -> 0
B22: ='January 2026'!B22 -> 0 | AH22: =(COUNTIF(C22:AG22,"H")*1)+(COUNTIF(C22:AG22,"H1")*0.5)+(COUNTIF(C22:AG22,"H2")*0.5)+(COUNTIF(C22:AG22,"Q")*0.25)+(COUNTIF(C22:AG22,"I")*1)+(COUNTIF(C22:AG22,"S")*0)+(COUNTIF(C22:AG22,"M")*1)+(COUNTIF(C22:AG22,"C")*0)+(COUNTIF(C22:AG22,"V")*1)+(COUNTIF(C22:AG22,"A")*1) -> 0
B23: ='January 2026'!B23 -> 0 | AH23: =(COUNTIF(C23:AG23,"H")*1)+(COUNTIF(C23:AG23,"H1")*0.5)+(COUNTIF(C23:AG23,"H2")*0.5)+(COUNTIF(C23:AG23,"Q")*0.25)+(COUNTIF(C23:AG23,"I")*1)+(COUNTIF(C23:AG23,"S")*0)+(COUNTIF(C23:AG23,"M")*1)+(COUNTIF(C23:AG23,"C")*0)+(COUNTIF(C23:AG23,"V")*1)+(COUNTIF(C23:AG23,"A")*1) -> 0
B24: ='January 2026'!B24 -> 0 | AH24: =(COUNTIF(C24:AG24,"H")*1)+(COUNTIF(C24:AG24,"H1")*0.5)+(COUNTIF(C24:AG24,"H2")*0.5)+(COUNTIF(C24:AG24,"Q")*0.25)+(COUNTIF(C24:AG24,"I")*1)+(COUNTIF(C24:AG24,"S")*0)+(COUNTIF(C24:AG24,"M")*1)+(COUNTIF(C24:AG24,"C")*0)+(COUNTIF(C24:AG24,"V")*1)+(COUNTIF(C24:AG24,"A")*1) -> 0
B25: ='January 2026'!B25 -> 0 | AH25: =(COUNTIF(C25:AG25,"H")*1)+(COUNTIF(C25:AG25,"H1")*0.5)+(COUNTIF(C25:AG25,"H2")*0.5)+(COUNTIF(C25:AG25,"Q")*0.25)+(COUNTIF(C25:AG25,"I")*1)+(COUNTIF(C25:AG25,"S")*0)+(COUNTIF(C25:AG25,"M")*1)+(COUNTIF(C25:AG25,"C")*0)+(COUNTIF(C25:AG25,"V")*1)+(COUNTIF(C25:AG25,"A")*1) -> 0
B26: ='January 2026'!B26 -> 0 | AH26: =(COUNTIF(C26:AG26,"H")*1)+(COUNTIF(C26:AG26,"H1")*0.5)+(COUNTIF(C26:AG26,"H2")*0.5)+(COUNTIF(C26:AG26,"Q")*0.25)+(COUNTIF(C26:AG26,"I")*1)+(COUNTIF(C26:AG26,"S")*0)+(COUNTIF(C26:AG26,"M")*1)+(COUNTIF(C26:AG26,"C")*0)+(COUNTIF(C26:AG26,"V")*1)+(COUNTIF(C26:AG26,"A")*1) -> 0
B27: ='January 2026'!B27 -> 0 | AH27: =(COUNTIF(C27:AG27,"H")*1)+(COUNTIF(C27:AG27,"H1")*0.5)+(COUNTIF(C27:AG27,"H2")*0.5)+(COUNTIF(C27:AG27,"Q")*0.25)+(COUNTIF(C27:AG27,"I")*1)+(COUNTIF(C27:AG27,"S")*0)+(COUNTIF(C27:AG27,"M")*1)+(COUNTIF(C27:AG27,"C")*0)+(COUNTIF(C27:AG27,"V")*1)+(COUNTIF(C27:AG27,"A")*1) -> 0
B28: ='January 2026'!B28 -> 0 | AH28: =(COUNTIF(C28:AG28,"H")*1)+(COUNTIF(C28:AG28,"H1")*0.5)+(COUNTIF(C28:AG28,"H2")*0.5)+(COUNTIF(C28:AG28,"Q")*0.25)+(COUNTIF(C28:AG28,"I")*1)+(COUNTIF(C28:AG28,"S")*0)+(COUNTIF(C28:AG28,"M")*1)+(COUNTIF(C28:AG28,"C")*0)+(COUNTIF(C28:AG28,"V")*1)+(COUNTIF(C28:AG28,"A")*1) -> 0
B29: ='January 2026'!B29 -> 0 | AH29: =(COUNTIF(C29:AG29,"H")*1)+(COUNTIF(C29:AG29,"H1")*0.5)+(COUNTIF(C29:AG29,"H2")*0.5)+(COUNTIF(C29:AG29,"Q")*0.25)+(COUNTIF(C29:AG29,"I")*1)+(COUNTIF(C29:AG29,"S")*0)+(COUNTIF(C29:AG29,"M")*1)+(COUNTIF(C29:AG29,"C")*0)+(COUNTIF(C29:AG29,"V")*1)+(COUNTIF(C29:AG29,"A")*1) -> 0
B30: ='January 2026'!B30 -> 0 | AH30: =(COUNTIF(C30:AG30,"H")*1)+(COUNTIF(C30:AG30,"H1")*0.5)+(COUNTIF(C30:AG30,"H2")*0.5)+(COUNTIF(C30:AG30,"Q")*0.25)+(COUNTIF(C30:AG30,"I")*1)+(COUNTIF(C30:AG30,"S")*0)+(COUNTIF(C30:AG30,"M")*1)+(COUNTIF(C30:AG30,"C")*0)+(COUNTIF(C30:AG30,"V")*1)+(COUNTIF(C30:AG30,"A")*1) -> 0
B31: ='January 2026'!B31 -> 0 | AH31: =(COUNTIF(C31:AG31,"H")*1)+(COUNTIF(C31:AG31,"H1")*0.5)+(COUNTIF(C31:AG31,"H2")*0.5)+(COUNTIF(C31:AG31,"Q")*0.25)+(COUNTIF(C31:AG31,"I")*1)+(COUNTIF(C31:AG31,"S")*0)+(COUNTIF(C31:AG31,"M")*1)+(COUNTIF(C31:AG31,"C")*0)+(COUNTIF(C31:AG31,"V")*1)+(COUNTIF(C31:AG31,"A")*1) -> 0
... B55: ='January 2026'!B55 -> 0 | AH55: =(COUNTIF(C55:AG55,"H")*1)+(COUNTIF(C55:AG55,"H1")*0.5)+(COUNTIF(C55:AG55,"H2")*0.5)+(COUNTIF(C55:AG55,"Q")*0.25)+(COUNTIF(C55:AG55,"I")*1)+(COUNTIF(C55:AG55,"S")*0)+(COUNTIF(C55:AG55,"M")*1)+(COUNTIF(C55:AG55,"C")*0)+(COUNTIF(C55:AG55,"V")*1)+(COUNTIF(C55:AG55,"A")*1) -> 0

Sheet April 2026
C1: 2026
C2: Week 14 | H2: Week 15 | O2: Week 16 | V2: Week 17 | AC2: Week 18
C3: Apr | D3: Apr | E3: Apr | F3: Apr | G3: Apr | H3: Apr | I3: Apr | J3: Apr | K3: Apr | L3: Apr | M3: Apr | N3: Apr | O3: Apr | P3: Apr | Q3: Apr | R3: Apr | S3: Apr | T3: Apr | U3: Apr | V3: Apr | W3: Apr | X3: Apr | Y3: Apr | Z3: Apr | AA3: Apr | AB3: Apr | AC3: Apr | AD3: Apr | AE3: Apr | AF3: Apr | AG3: Absences this month | AI3: Absence type | AJ3: Code | AK3: Deduction
C4: 1 | D4: 2 | E4: 3 | F4: 4 | G4: 5 | H4: 6 | I4: 7 | J4: 8 | K4: 9 | L4: 10 | M4: 11 | N4: 12 | O4: 13 | P4: 14 | Q4: 15 | R4: 16 | S4: 17 | T4: 18 | U4: 19 | V4: 20 | W4: 21 | X4: 22 | Y4: 23 | Z4: 24 | AA4: 25 | AB4: 26 | AC4: 27 | AD4: 28 | AE4: 29 | AF4: 30
C5: Wed | D5: Thu | E5: Fri | F5: Sat | G5: Sun | H5: Mon | I5: Tue | J5: Wed | K5: Thu | L5: Fri | M5: Sat | N5: Sun | O5: Mon | P5: Tue | Q5: Wed | R5: Thu | S5: Fri | T5: Sat | U5: Sun | V5: Mon | W5: Tue | X5: Wed | Y5: Thu | Z5: Fri | AA5: Sat | AB5: Sun | AC5: Mon | AD5: Tue | AE5: Wed | AF5: Thu
B6: ='January 2026'!B6 -> Patience Tsikudo | D6: M | E6: H | H6: H | AF6: S | AG6: =(COUNTIF(C6:AF6,"H")*1)+(COUNTIF(C6:AF6,"H1")*0.5)+(COUNTIF(C6:AF6,"H2")*0.5)+(COUNTIF(C6:AF6,"Q")*0.25)+(COUNTIF(C6:AF6,"I")*1)+(COUNTIF(C6:AF6,"S")*0)+(COUNTIF(C6:AF6,"M")*1)+(COUNTIF(C6:AF6,"C")*0)+(COUNTIF(C6:AF6,"V")*1)+(COUNTIF(C6:AF6,"A")*1) -> 3 | AI6: Holiday | AJ6: H | AK6: 1
B7: ='January 2026'!B7 -> Emmanuel Tetteh | E7: H | H7: H | Q7: V | R7: V | S7: V | V7: V | W7: V | X7: V | Y7: V | Z7: V | AG7: =(COUNTIF(C7:AF7,"H")*1)+(COUNTIF(C7:AF7,"H1")*0.5)+(COUNTIF(C7:AF7,"H2")*0.5)+(COUNTIF(C7:AF7,"Q")*0.25)+(COUNTIF(C7:AF7,"I")*1)+(COUNTIF(C7:AF7,"S")*0)+(COUNTIF(C7:AF7,"M")*1)+(COUNTIF(C7:AF7,"C")*0)+(COUNTIF(C7:AF7,"V")*1)+(COUNTIF(C7:AF7,"A")*1) -> 10 | AI7: Half Day (morning) | AJ7: H1 | AK7: 0.5
B8: ='January 2026'!B8 -> Solomon Sefah | E8: H | H8: H | AG8: =(COUNTIF(C8:AF8,"H")*1)+(COUNTIF(C8:AF8,"H1")*0.5)+(COUNTIF(C8:AF8,"H2")*0.5)+(COUNTIF(C8:AF8,"Q")*0.25)+(COUNTIF(C8:AF8,"I")*1)+(COUNTIF(C8:AF8,"S")*0)+(COUNTIF(C8:AF8,"M")*1)+(COUNTIF(C8:AF8,"C")*0)+(COUNTIF(C8:AF8,"V")*1)+(COUNTIF(C8:AF8,"A")*1) -> 2 | AI8: Half Day (afternoon) | AJ8: H2 | AK8: 0.5
B9: ='January 2026'!B9 -> Maame Lankar De Veer | D9: S | E9: H | H9: H | J9: V | K9: V | L9: V | P9: V | X9: V | AC9: S | AG9: =(COUNTIF(C9:AF9,"H")*1)+(COUNTIF(C9:AF9,"H1")*0.5)+(COUNTIF(C9:AF9,"H2")*0.5)+(COUNTIF(C9:AF9,"Q")*0.25)+(COUNTIF(C9:AF9,"I")*1)+(COUNTIF(C9:AF9,"S")*0)+(COUNTIF(C9:AF9,"M")*1)+(COUNTIF(C9:AF9,"C")*0)+(COUNTIF(C9:AF9,"V")*1)+(COUNTIF(C9:AF9,"A")*1) -> 7 | AI9: Quarter day | AJ9: Q | AK9: 0.25
B10: ='January 2026'!B10 -> Joel Akwesi Opoku | E10: H | H10: H | R10: A | S10: A | AG10: =(COUNTIF(C10:AF10,"H")*1)+(COUNTIF(C10:AF10,"H1")*0.5)+(COUNTIF(C10:AF10,"H2")*0.5)+(COUNTIF(C10:AF10,"Q")*0.25)+(COUNTIF(C10:AF10,"I")*1)+(COUNTIF(C10:AF10,"S")*0)+(COUNTIF(C10:AF10,"M")*1)+(COUNTIF(C10:AF10,"C")*0)+(COUNTIF(C10:AF10,"V")*1)+(COUNTIF(C10:AF10,"A")*1) -> 2 | AI10: Inactive | AJ10: I | AK10: 1
B11: ='January 2026'!B11 -> Samuel Napaa | E11: H | H11: H | AG11: =(COUNTIF(C11:AF11,"H")*1)+(COUNTIF(C11:AF11,"H1")*0.5)+(COUNTIF(C11:AF11,"H2")*0.5)+(COUNTIF(C11:AF11,"Q")*0.25)+(COUNTIF(C11:AF11,"I")*1)+(COUNTIF(C11:AF11,"S")*0)+(COUNTIF(C11:AF11,"M")*1)+(COUNTIF(C11:AF11,"C")*0)+(COUNTIF(C11:AF11,"V")*1)+(COUNTIF(C11:AF11,"A")*1) -> 2 | AI11: Sickness | AJ11: S | AK11: 0
B12: ='January 2026'!B12 -> Cyril Elorm Dzamaklu | E12: H | H12: H | I12: V | AG12: =(COUNTIF(C12:AF12,"H")*1)+(COUNTIF(C12:AF12,"H1")*0.5)+(COUNTIF(C12:AF12,"H2")*0.5)+(COUNTIF(C12:AF12,"Q")*0.25)+(COUNTIF(C12:AF12,"I")*1)+(COUNTIF(C12:AF12,"S")*0)+(COUNTIF(C12:AF12,"M")*1)+(COUNTIF(C12:AF12,"C")*0)+(COUNTIF(C12:AF12,"V")*1)+(COUNTIF(C12:AF12,"A")*1) -> 3 | AI12: Maternity/Paternity | AJ12: M | AK12: 1
B13: ='January 2026'!B13 -> Edwin Sedem Lawuiekpor | E13: H | H13: H | AG13: =(COUNTIF(C13:AF13,"H")*1)+(COUNTIF(C13:AF13,"H1")*0.5)+(COUNTIF(C13:AF13,"H2")*0.5)+(COUNTIF(C13:AF13,"Q")*0.25)+(COUNTIF(C13:AF13,"I")*1)+(COUNTIF(C13:AF13,"S")*0)+(COUNTIF(C13:AF13,"M")*1)+(COUNTIF(C13:AF13,"C")*0)+(COUNTIF(C13:AF13,"V")*1)+(COUNTIF(C13:AF13,"A")*1) -> 2 | AI13: Compassionate | AJ13: C | AK13: 0
B14: ='January 2026'!B14 -> Emmanuel Quansah | E14: H | H14: H | AC14: V | AG14: =(COUNTIF(C14:AF14,"H")*1)+(COUNTIF(C14:AF14,"H1")*0.5)+(COUNTIF(C14:AF14,"H2")*0.5)+(COUNTIF(C14:AF14,"Q")*0.25)+(COUNTIF(C14:AF14,"I")*1)+(COUNTIF(C14:AF14,"S")*0)+(COUNTIF(C14:AF14,"M")*1)+(COUNTIF(C14:AF14,"C")*0)+(COUNTIF(C14:AF14,"V")*1)+(COUNTIF(C14:AF14,"A")*1) -> 3 | AI14: Vacation | AJ14: V | AK14: 1
B15: ='January 2026'!B15 -> Ben Oni Dankyi Ofosu | D15: V | E15: H | H15: H | AG15: =(COUNTIF(C15:AF15,"H")*1)+(COUNTIF(C15:AF15,"H1")*0.5)+(COUNTIF(C15:AF15,"H2")*0.5)+(COUNTIF(C15:AF15,"Q")*0.25)+(COUNTIF(C15:AF15,"I")*1)+(COUNTIF(C15:AF15,"S")*0)+(COUNTIF(C15:AF15,"M")*1)+(COUNTIF(C15:AF15,"C")*0)+(COUNTIF(C15:AF15,"V")*1)+(COUNTIF(C15:AF15,"A")*1) -> 3 | AI15: Absent/No Show | AJ15: A | AK15: 1
B16: ='January 2026'!B16 -> Wahab Amoako Domson | E16: H | H16: H | AF16: V | AG16: =(COUNTIF(C16:AF16,"H")*1)+(COUNTIF(C16:AF16,"H1")*0.5)+(COUNTIF(C16:AF16,"H2")*0.5)+(COUNTIF(C16:AF16,"Q")*0.25)+(COUNTIF(C16:AF16,"I")*1)+(COUNTIF(C16:AF16,"S")*0)+(COUNTIF(C16:AF16,"M")*1)+(COUNTIF(C16:AF16,"C")*0)+(COUNTIF(C16:AF16,"V")*1)+(COUNTIF(C16:AF16,"A")*1) -> 3
B17: ='January 2026'!B17 -> Emmanuel Quarshie | E17: H | H17: H | O17: S | AE17: S | AG17: =(COUNTIF(C17:AF17,"H")*1)+(COUNTIF(C17:AF17,"H1")*0.5)+(COUNTIF(C17:AF17,"H2")*0.5)+(COUNTIF(C17:AF17,"Q")*0.25)+(COUNTIF(C17:AF17,"I")*1)+(COUNTIF(C17:AF17,"S")*0)+(COUNTIF(C17:AF17,"M")*1)+(COUNTIF(C17:AF17,"C")*0)+(COUNTIF(C17:AF17,"V")*1)+(COUNTIF(C17:AF17,"A")*1) -> 2
B18: ='January 2026'!B18 -> Ethel Prempeh | E18: H | H18: H | AG18: =(COUNTIF(C18:AF18,"H")*1)+(COUNTIF(C18:AF18,"H1")*0.5)+(COUNTIF(C18:AF18,"H2")*0.5)+(COUNTIF(C18:AF18,"Q")*0.25)+(COUNTIF(C18:AF18,"I")*1)+(COUNTIF(C18:AF18,"S")*0)+(COUNTIF(C18:AF18,"M")*1)+(COUNTIF(C18:AF18,"C")*0)+(COUNTIF(C18:AF18,"V")*1)+(COUNTIF(C18:AF18,"A")*1) -> 2
B19: ='January 2026'!B19 -> Isaac Appiah | E19: H | H19: H | AG19: =(COUNTIF(C19:AF19,"H")*1)+(COUNTIF(C19:AF19,"H1")*0.5)+(COUNTIF(C19:AF19,"H2")*0.5)+(COUNTIF(C19:AF19,"Q")*0.25)+(COUNTIF(C19:AF19,"I")*1)+(COUNTIF(C19:AF19,"S")*0)+(COUNTIF(C19:AF19,"M")*1)+(COUNTIF(C19:AF19,"C")*0)+(COUNTIF(C19:AF19,"V")*1)+(COUNTIF(C19:AF19,"A")*1) -> 2
B20: ='January 2026'!B20 -> 0 | AG20: =(COUNTIF(C20:AF20,"H")*1)+(COUNTIF(C20:AF20,"H1")*0.5)+(COUNTIF(C20:AF20,"H2")*0.5)+(COUNTIF(C20:AF20,"Q")*0.25)+(COUNTIF(C20:AF20,"I")*1)+(COUNTIF(C20:AF20,"S")*0)+(COUNTIF(C20:AF20,"M")*1)+(COUNTIF(C20:AF20,"C")*0)+(COUNTIF(C20:AF20,"V")*1)+(COUNTIF(C20:AF20,"A")*1) -> 0
B21: ='January 2026'!B21 -> 0 | AG21: =(COUNTIF(C21:AF21,"H")*1)+(COUNTIF(C21:AF21,"H1")*0.5)+(COUNTIF(C21:AF21,"H2")*0.5)+(COUNTIF(C21:AF21,"Q")*0.25)+(COUNTIF(C21:AF21,"I")*1)+(COUNTIF(C21:AF21,"S")*0)+(COUNTIF(C21:AF21,"M")*1)+(COUNTIF(C21:AF21,"C")*0)+(COUNTIF(C21:AF21,"V")*1)+(COUNTIF(C21:AF21,"A")*1) -> 0
B22: ='January 2026'!B22 -> 0 | AG22: =(COUNTIF(C22:AF22,"H")*1)+(COUNTIF(C22:AF22,"H1")*0.5)+(COUNTIF(C22:AF22,"H2")*0.5)+(COUNTIF(C22:AF22,"Q")*0.25)+(COUNTIF(C22:AF22,"I")*1)+(COUNTIF(C22:AF22,"S")*0)+(COUNTIF(C22:AF22,"M")*1)+(COUNTIF(C22:AF22,"C")*0)+(COUNTIF(C22:AF22,"V")*1)+(COUNTIF(C22:AF22,"A")*1) -> 0
B23: ='January 2026'!B23 -> 0 | AG23: =(COUNTIF(C23:AF23,"H")*1)+(COUNTIF(C23:AF23,"H1")*0.5)+(COUNTIF(C23:AF23,"H2")*0.5)+(COUNTIF(C23:AF23,"Q")*0.25)+(COUNTIF(C23:AF23,"I")*1)+(COUNTIF(C23:AF23,"S")*0)+(COUNTIF(C23:AF23,"M")*1)+(COUNTIF(C23:AF23,"C")*0)+(COUNTIF(C23:AF23,"V")*1)+(COUNTIF(C23:AF23,"A")*1) -> 0
B24: ='January 2026'!B24 -> 0 | AG24: =(COUNTIF(C24:AF24,"H")*1)+(COUNTIF(C24:AF24,"H1")*0.5)+(COUNTIF(C24:AF24,"H2")*0.5)+(COUNTIF(C24:AF24,"Q")*0.25)+(COUNTIF(C24:AF24,"I")*1)+(COUNTIF(C24:AF24,"S")*0)+(COUNTIF(C24:AF24,"M")*1)+(COUNTIF(C24:AF24,"C")*0)+(COUNTIF(C24:AF24,"V")*1)+(COUNTIF(C24:AF24,"A")*1) -> 0
B25: ='January 2026'!B25 -> 0 | AG25: =(COUNTIF(C25:AF25,"H")*1)+(COUNTIF(C25:AF25,"H1")*0.5)+(COUNTIF(C25:AF25,"H2")*0.5)+(COUNTIF(C25:AF25,"Q")*0.25)+(COUNTIF(C25:AF25,"I")*1)+(COUNTIF(C25:AF25,"S")*0)+(COUNTIF(C25:AF25,"M")*1)+(COUNTIF(C25:AF25,"C")*0)+(COUNTIF(C25:AF25,"V")*1)+(COUNTIF(C25:AF25,"A")*1) -> 0
B26: ='January 2026'!B26 -> 0 | AG26: =(COUNTIF(C26:AF26,"H")*1)+(COUNTIF(C26:AF26,"H1")*0.5)+(COUNTIF(C26:AF26,"H2")*0.5)+(COUNTIF(C26:AF26,"Q")*0.25)+(COUNTIF(C26:AF26,"I")*1)+(COUNTIF(C26:AF26,"S")*0)+(COUNTIF(C26:AF26,"M")*1)+(COUNTIF(C26:AF26,"C")*0)+(COUNTIF(C26:AF26,"V")*1)+(COUNTIF(C26:AF26,"A")*1) -> 0
B27: ='January 2026'!B27 -> 0 | AG27: =(COUNTIF(C27:AF27,"H")*1)+(COUNTIF(C27:AF27,"H1")*0.5)+(COUNTIF(C27:AF27,"H2")*0.5)+(COUNTIF(C27:AF27,"Q")*0.25)+(COUNTIF(C27:AF27,"I")*1)+(COUNTIF(C27:AF27,"S")*0)+(COUNTIF(C27:AF27,"M")*1)+(COUNTIF(C27:AF27,"C")*0)+(COUNTIF(C27:AF27,"V")*1)+(COUNTIF(C27:AF27,"A")*1) -> 0
B28: ='January 2026'!B28 -> 0 | AG28: =(COUNTIF(C28:AF28,"H")*1)+(COUNTIF(C28:AF28,"H1")*0.5)+(COUNTIF(C28:AF28,"H2")*0.5)+(COUNTIF(C28:AF28,"Q")*0.25)+(COUNTIF(C28:AF28,"I")*1)+(COUNTIF(C28:AF28,"S")*0)+(COUNTIF(C28:AF28,"M")*1)+(COUNTIF(C28:AF28,"C")*0)+(COUNTIF(C28:AF28,"V")*1)+(COUNTIF(C28:AF28,"A")*1) -> 0
B29: ='January 2026'!B29 -> 0 | AG29: =(COUNTIF(C29:AF29,"H")*1)+(COUNTIF(C29:AF29,"H1")*0.5)+(COUNTIF(C29:AF29,"H2")*0.5)+(COUNTIF(C29:AF29,"Q")*0.25)+(COUNTIF(C29:AF29,"I")*1)+(COUNTIF(C29:AF29,"S")*0)+(COUNTIF(C29:AF29,"M")*1)+(COUNTIF(C29:AF29,"C")*0)+(COUNTIF(C29:AF29,"V")*1)+(COUNTIF(C29:AF29,"A")*1) -> 0
B30: ='January 2026'!B30 -> 0 | AG30: =(COUNTIF(C30:AF30,"H")*1)+(COUNTIF(C30:AF30,"H1")*0.5)+(COUNTIF(C30:AF30,"H2")*0.5)+(COUNTIF(C30:AF30,"Q")*0.25)+(COUNTIF(C30:AF30,"I")*1)+(COUNTIF(C30:AF30,"S")*0)+(COUNTIF(C30:AF30,"M")*1)+(COUNTIF(C30:AF30,"C")*0)+(COUNTIF(C30:AF30,"V")*1)+(COUNTIF(C30:AF30,"A")*1) -> 0
B31: ='January 2026'!B31 -> 0 | AG31: =(COUNTIF(C31:AF31,"H")*1)+(COUNTIF(C31:AF31,"H1")*0.5)+(COUNTIF(C31:AF31,"H2")*0.5)+(COUNTIF(C31:AF31,"Q")*0.25)+(COUNTIF(C31:AF31,"I")*1)+(COUNTIF(C31:AF31,"S")*0)+(COUNTIF(C31:AF31,"M")*1)+(COUNTIF(C31:AF31,"C")*0)+(COUNTIF(C31:AF31,"V")*1)+(COUNTIF(C31:AF31,"A")*1) -> 0
... B55: ='January 2026'!B55 -> 0 | AG55: =(COUNTIF(C55:AF55,"H")*1)+(COUNTIF(C55:AF55,"H1")*0.5)+(COUNTIF(C55:AF55,"H2")*0.5)+(COUNTIF(C55:AF55,"Q")*0.25)+(COUNTIF(C55:AF55,"I")*1)+(COUNTIF(C55:AF55,"S")*0)+(COUNTIF(C55:AF55,"M")*1)+(COUNTIF(C55:AF55,"C")*0)+(COUNTIF(C55:AF55,"V")*1)+(COUNTIF(C55:AF55,"A")*1) -> 0

Sheet May 2026
C1: 2026
C2: Week 18 | F2: Week 19 | M2: Week 20 | T2: Week 21 | AA2: Week 22
C3: May | D3: May | E3: May | F3: May | G3: May | H3: May | I3: May | J3: May | K3: May | L3: May | M3: May | N3: May | O3: May | P3: May | Q3: May | R3: May | S3: May | T3: May | U3: May | V3: May | W3: May | X3: May | Y3: May | Z3: May | AA3: May | AB3: May | AC3: May | AD3: May | AE3: May | AF3: May | AG3: May | AH3: Absences this month | AJ3: Absence type | AK3: Code | AL3: Deduction
C4: 1 | D4: 2 | E4: 3 | F4: 4 | G4: 5 | H4: 6 | I4: 7 | J4: 8 | K4: 9 | L4: 10 | M4: 11 | N4: 12 | O4: 13 | P4: 14 | Q4: 15 | R4: 16 | S4: 17 | T4: 18 | U4: 19 | V4: 20 | W4: 21 | X4: 22 | Y4: 23 | Z4: 24 | AA4: 25 | AB4: 26 | AC4: 27 | AD4: 28 | AE4: 29 | AF4: 30 | AG4: 31
C5: Fri | D5: Sat | E5: Sun | F5: Mon | G5: Tue | H5: Wed | I5: Thu | J5: Fri | K5: Sat | L5: Sun | M5: Mon | N5: Tue | O5: Wed | P5: Thu | Q5: Fri | R5: Sat | S5: Sun | T5: Mon | U5: Tue | V5: Wed | W5: Thu | X5: Fri | Y5: Sat | Z5: Sun | AA5: Mon | AB5: Tue | AC5: Wed | AD5: Thu | AE5: Fri | AF5: Sat | AG5: Sun
B6: ='January 2026'!B6 -> Patience Tsikudo | C6: H | F6: M | G6: M | H6: M | I6: M | J6: M | AC6: H | AH6: =(COUNTIF(C6:AG6,"H")*1)+(COUNTIF(C6:AG6,"H1")*0.5)+(COUNTIF(C6:AG6,"H2")*0.5)+(COUNTIF(C6:AG6,"Q")*0.25)+(COUNTIF(C6:AG6,"I")*1)+(COUNTIF(C6:AG6,"S")*0)+(COUNTIF(C6:AG6,"M")*1)+(COUNTIF(C6:AG6,"C")*0)+(COUNTIF(C6:AG6,"V")*1)+(COUNTIF(C6:AG6,"A")*1) -> 4 | AJ6: Holiday | AK6: H | AL6: 1
B7: ='January 2026'!B7 -> Emmanuel Tetteh | C7: H | AC7: H | AE7: V | AH7: =(COUNTIF(C7:AG7,"H")*1)+(COUNTIF(C7:AG7,"H1")*0.5)+(COUNTIF(C7:AG7,"H2")*0.5)+(COUNTIF(C7:AG7,"Q")*0.25)+(COUNTIF(C7:AG7,"I")*1)+(COUNTIF(C7:AG7,"S")*0)+(COUNTIF(C7:AG7,"M")*1)+(COUNTIF(C7:AG7,"C")*0)+(COUNTIF(C7:AG7,"V")*1)+(COUNTIF(C7:AG7,"A")*1) -> 3 | AJ7: Half Day (morning) | AK7: H1 | AL7: 0.5
B8: ='January 2026'!B8 -> Solomon Sefah | C8: H | AC8: H | AH8: =(COUNTIF(C8:AG8,"H")*1)+(COUNTIF(C8:AG8,"H1")*0.5)+(COUNTIF(C8:AG8,"H2")*0.5)+(COUNTIF(C8:AG8,"Q")*0.25)+(COUNTIF(C8:AG8,"I")*1)+(COUNTIF(C8:AG8,"S")*0)+(COUNTIF(C8:AG8,"M")*1)+(COUNTIF(C8:AG8,"C")*0)+(COUNTIF(C8:AG8,"V")*1)+(COUNTIF(C8:AG8,"A")*1) -> 2 | AJ8: Half Day (afternoon) | AK8: H2 | AL8: 0.5
B9: ='January 2026'!B9 -> Maame Lankar De Veer | C9: H | I9: V | AB9: C | AC9: H | AH9: =(COUNTIF(C9:AG9,"H")*1)+(COUNTIF(C9:AG9,"H1")*0.5)+(COUNTIF(C9:AG9,"H2")*0.5)+(COUNTIF(C9:AG9,"Q")*0.25)+(COUNTIF(C9:AG9,"I")*1)+(COUNTIF(C9:AG9,"S")*0)+(COUNTIF(C9:AG9,"M")*1)+(COUNTIF(C9:AG9,"C")*0)+(COUNTIF(C9:AG9,"V")*1)+(COUNTIF(C9:AG9,"A")*1) -> 3 | AJ9: Quarter day | AK9: Q | AL9: 0.25
B10: ='January 2026'!B10 -> Joel Akwesi Opoku | C10: H | H10: S | AC10: H | AH10: =(COUNTIF(C10:AG10,"H")*1)+(COUNTIF(C10:AG10,"H1")*0.5)+(COUNTIF(C10:AG10,"H2")*0.5)+(COUNTIF(C10:AG10,"Q")*0.25)+(COUNTIF(C10:AG10,"I")*1)+(COUNTIF(C10:AG10,"S")*0)+(COUNTIF(C10:AG10,"M")*1)+(COUNTIF(C10:AG10,"C")*0)+(COUNTIF(C10:AG10,"V")*1)+(COUNTIF(C10:AG10,"A")*1) -> 2 | AJ10: Inactive | AK10: I | AL10: 1
B11: ='January 2026'!B11 -> Samuel Napaa | C11: H | F11: S | G11: S | AC11: H | AH11: =(COUNTIF(C11:AG11,"H")*1)+(COUNTIF(C11:AG11,"H1")*0.5)+(COUNTIF(C11:AG11,"H2")*0.5)+(COUNTIF(C11:AG11,"Q")*0.25)+(COUNTIF(C11:AG11,"I")*1)+(COUNTIF(C11:AG11,"S")*0)+(COUNTIF(C11:AG11,"M")*1)+(COUNTIF(C11:AG11,"C")*0)+(COUNTIF(C11:AG11,"V")*1)+(COUNTIF(C11:AG11,"A")*1) -> 2 | AJ11: Sickness | AK11: S | AL11: 0
B12: ='January 2026'!B12 -> Cyril Elorm Dzamaklu | C12: H | AB12: C | AC12: H | AH12: =(COUNTIF(C12:AG12,"H")*1)+(COUNTIF(C12:AG12,"H1")*0.5)+(COUNTIF(C12:AG12,"H2")*0.5)+(COUNTIF(C12:AG12,"Q")*0.25)+(COUNTIF(C12:AG12,"I")*1)+(COUNTIF(C12:AG12,"S")*0)+(COUNTIF(C12:AG12,"M")*1)+(COUNTIF(C12:AG12,"C")*0)+(COUNTIF(C12:AG12,"V")*1)+(COUNTIF(C12:AG12,"A")*1) -> 2 | AJ12: Maternity/Paternity | AK12: M | AL12: 1
B13: ='January 2026'!B13 -> Edwin Sedem Lawuiekpor | C13: H | W13: V | AC13: H | AH13: =(COUNTIF(C13:AG13,"H")*1)+(COUNTIF(C13:AG13,"H1")*0.5)+(COUNTIF(C13:AG13,"H2")*0.5)+(COUNTIF(C13:AG13,"Q")*0.25)+(COUNTIF(C13:AG13,"I")*1)+(COUNTIF(C13:AG13,"S")*0)+(COUNTIF(C13:AG13,"M")*1)+(COUNTIF(C13:AG13,"C")*0)+(COUNTIF(C13:AG13,"V")*1)+(COUNTIF(C13:AG13,"A")*1) -> 3 | AJ13: Compassionate Leave | AK13: C | AL13: 0
B14: ='January 2026'!B14 -> Emmanuel Quansah | C14: H | AC14: H | AH14: =(COUNTIF(C14:AG14,"H")*1)+(COUNTIF(C14:AG14,"H1")*0.5)+(COUNTIF(C14:AG14,"H2")*0.5)+(COUNTIF(C14:AG14,"Q")*0.25)+(COUNTIF(C14:AG14,"I")*1)+(COUNTIF(C14:AG14,"S")*0)+(COUNTIF(C14:AG14,"M")*1)+(COUNTIF(C14:AG14,"C")*0)+(COUNTIF(C14:AG14,"V")*1)+(COUNTIF(C14:AG14,"A")*1) -> 2 | AJ14: Vacation | AK14: V | AL14: 1
B15: ='January 2026'!B15 -> Ben Oni Dankyi Ofosu | C15: H | J15: V | M15: V | AC15: H | AH15: =(COUNTIF(C15:AG15,"H")*1)+(COUNTIF(C15:AG15,"H1")*0.5)+(COUNTIF(C15:AG15,"H2")*0.5)+(COUNTIF(C15:AG15,"Q")*0.25)+(COUNTIF(C15:AG15,"I")*1)+(COUNTIF(C15:AG15,"S")*0)+(COUNTIF(C15:AG15,"M")*1)+(COUNTIF(C15:AG15,"C")*0)+(COUNTIF(C15:AG15,"V")*1)+(COUNTIF(C15:AG15,"A")*1) -> 4 | AJ15: Absent/No Show | AK15: A | AL15: 1
B16: ='January 2026'!B16 -> Wahab Amoako Domson | C16: H | H16: S | I16: S | J16: S | AC16: H | AH16: =(COUNTIF(C16:AG16,"H")*1)+(COUNTIF(C16:AG16,"H1")*0.5)+(COUNTIF(C16:AG16,"H2")*0.5)+(COUNTIF(C16:AG16,"Q")*0.25)+(COUNTIF(C16:AG16,"I")*1)+(COUNTIF(C16:AG16,"S")*0)+(COUNTIF(C16:AG16,"M")*1)+(COUNTIF(C16:AG16,"C")*0)+(COUNTIF(C16:AG16,"V")*1)+(COUNTIF(C16:AG16,"A")*1) -> 2
B17: ='January 2026'!B17 -> Emmanuel Quarshie | C17: H | AC17: H | AH17: =(COUNTIF(C17:AG17,"H")*1)+(COUNTIF(C17:AG17,"H1")*0.5)+(COUNTIF(C17:AG17,"H2")*0.5)+(COUNTIF(C17:AG17,"Q")*0.25)+(COUNTIF(C17:AG17,"I")*1)+(COUNTIF(C17:AG17,"S")*0)+(COUNTIF(C17:AG17,"M")*1)+(COUNTIF(C17:AG17,"C")*0)+(COUNTIF(C17:AG17,"V")*1)+(COUNTIF(C17:AG17,"A")*1) -> 2
B18: ='January 2026'!B18 -> Ethel Prempeh | C18: H | AC18: H | AH18: =(COUNTIF(C18:AG18,"H")*1)+(COUNTIF(C18:AG18,"H1")*0.5)+(COUNTIF(C18:AG18,"H2")*0.5)+(COUNTIF(C18:AG18,"Q")*0.25)+(COUNTIF(C18:AG18,"I")*1)+(COUNTIF(C18:AG18,"S")*0)+(COUNTIF(C18:AG18,"M")*1)+(COUNTIF(C18:AG18,"C")*0)+(COUNTIF(C18:AG18,"V")*1)+(COUNTIF(C18:AG18,"A")*1) -> 2
B19: ='January 2026'!B19 -> Isaac Appiah | C19: H | F19: S | G19: S | H19: S | I19: S | J19: S | AC19: H | AH19: =(COUNTIF(C19:AG19,"H")*1)+(COUNTIF(C19:AG19,"H1")*0.5)+(COUNTIF(C19:AG19,"H2")*0.5)+(COUNTIF(C19:AG19,"Q")*0.25)+(COUNTIF(C19:AG19,"I")*1)+(COUNTIF(C19:AG19,"S")*0)+(COUNTIF(C19:AG19,"M")*1)+(COUNTIF(C19:AG19,"C")*0)+(COUNTIF(C19:AG19,"V")*1)+(COUNTIF(C19:AG19,"A")*1) -> 2
B20: Gerald Agyapong | C20: H | AC20: H | AH20: =(COUNTIF(C20:AG20,"H")*1)+(COUNTIF(C20:AG20,"H1")*0.5)+(COUNTIF(C20:AG20,"H2")*0.5)+(COUNTIF(C20:AG20,"Q")*0.25)+(COUNTIF(C20:AG20,"I")*1)+(COUNTIF(C20:AG20,"S")*0)+(COUNTIF(C20:AG20,"M")*1)+(COUNTIF(C20:AG20,"C")*0)+(COUNTIF(C20:AG20,"V")*1)+(COUNTIF(C20:AG20,"A")*1) -> 2
B21: ='January 2026'!B21 -> 0 | J21: M | T21: S | U21: S | V21: S | W21: S | X21: S | AA21: M | AH21: =(COUNTIF(C21:AG21,"H")*1)+(COUNTIF(C21:AG21,"H1")*0.5)+(COUNTIF(C21:AG21,"H2")*0.5)+(COUNTIF(C21:AG21,"Q")*0.25)+(COUNTIF(C21:AG21,"I")*1)+(COUNTIF(C21:AG21,"S")*0)+(COUNTIF(C21:AG21,"M")*1)+(COUNTIF(C21:AG21,"C")*0)+(COUNTIF(C21:AG21,"V")*1)+(COUNTIF(C21:AG21,"A")*1) -> 1
B22: ='January 2026'!B22 -> 0 | AH22: =(COUNTIF(C22:AG22,"H")*1)+(COUNTIF(C22:AG22,"H1")*0.5)+(COUNTIF(C22:AG22,"H2")*0.5)+(COUNTIF(C22:AG22,"Q")*0.25)+(COUNTIF(C22:AG22,"I")*1)+(COUNTIF(C22:AG22,"S")*0)+(COUNTIF(C22:AG22,"M")*1)+(COUNTIF(C22:AG22,"C")*0)+(COUNTIF(C22:AG22,"V")*1)+(COUNTIF(C22:AG22,"A")*1) -> 0
B23: ='January 2026'!B23 -> 0 | AH23: =(COUNTIF(C23:AG23,"H")*1)+(COUNTIF(C23:AG23,"H1")*0.5)+(COUNTIF(C23:AG23,"H2")*0.5)+(COUNTIF(C23:AG23,"Q")*0.25)+(COUNTIF(C23:AG23,"I")*1)+(COUNTIF(C23:AG23,"S")*0)+(COUNTIF(C23:AG23,"M")*1)+(COUNTIF(C23:AG23,"C")*0)+(COUNTIF(C23:AG23,"V")*1)+(COUNTIF(C23:AG23,"A")*1) -> 0
B24: ='January 2026'!B24 -> 0 | AH24: =(COUNTIF(C24:AG24,"H")*1)+(COUNTIF(C24:AG24,"H1")*0.5)+(COUNTIF(C24:AG24,"H2")*0.5)+(COUNTIF(C24:AG24,"Q")*0.25)+(COUNTIF(C24:AG24,"I")*1)+(COUNTIF(C24:AG24,"S")*0)+(COUNTIF(C24:AG24,"M")*1)+(COUNTIF(C24:AG24,"C")*0)+(COUNTIF(C24:AG24,"V")*1)+(COUNTIF(C24:AG24,"A")*1) -> 0
B25: ='January 2026'!B25 -> 0 | AH25: =(COUNTIF(C25:AG25,"H")*1)+(COUNTIF(C25:AG25,"H1")*0.5)+(COUNTIF(C25:AG25,"H2")*0.5)+(COUNTIF(C25:AG25,"Q")*0.25)+(COUNTIF(C25:AG25,"I")*1)+(COUNTIF(C25:AG25,"S")*0)+(COUNTIF(C25:AG25,"M")*1)+(COUNTIF(C25:AG25,"C")*0)+(COUNTIF(C25:AG25,"V")*1)+(COUNTIF(C25:AG25,"A")*1) -> 0
B26: ='January 2026'!B26 -> 0 | AH26: =(COUNTIF(C26:AG26,"H")*1)+(COUNTIF(C26:AG26,"H1")*0.5)+(COUNTIF(C26:AG26,"H2")*0.5)+(COUNTIF(C26:AG26,"Q")*0.25)+(COUNTIF(C26:AG26,"I")*1)+(COUNTIF(C26:AG26,"S")*0)+(COUNTIF(C26:AG26,"M")*1)+(COUNTIF(C26:AG26,"C")*0)+(COUNTIF(C26:AG26,"V")*1)+(COUNTIF(C26:AG26,"A")*1) -> 0
B27: ='January 2026'!B27 -> 0 | AH27: =(COUNTIF(C27:AG27,"H")*1)+(COUNTIF(C27:AG27,"H1")*0.5)+(COUNTIF(C27:AG27,"H2")*0.5)+(COUNTIF(C27:AG27,"Q")*0.25)+(COUNTIF(C27:AG27,"I")*1)+(COUNTIF(C27:AG27,"S")*0)+(COUNTIF(C27:AG27,"M")*1)+(COUNTIF(C27:AG27,"C")*0)+(COUNTIF(C27:AG27,"V")*1)+(COUNTIF(C27:AG27,"A")*1) -> 0
B28: ='January 2026'!B28 -> 0 | AH28: =(COUNTIF(C28:AG28,"H")*1)+(COUNTIF(C28:AG28,"H1")*0.5)+(COUNTIF(C28:AG28,"H2")*0.5)+(COUNTIF(C28:AG28,"Q")*0.25)+(COUNTIF(C28:AG28,"I")*1)+(COUNTIF(C28:AG28,"S")*0)+(COUNTIF(C28:AG28,"M")*1)+(COUNTIF(C28:AG28,"C")*0)+(COUNTIF(C28:AG28,"V")*1)+(COUNTIF(C28:AG28,"A")*1) -> 0
B29: ='January 2026'!B29 -> 0 | AH29: =(COUNTIF(C29:AG29,"H")*1)+(COUNTIF(C29:AG29,"H1")*0.5)+(COUNTIF(C29:AG29,"H2")*0.5)+(COUNTIF(C29:AG29,"Q")*0.25)+(COUNTIF(C29:AG29,"I")*1)+(COUNTIF(C29:AG29,"S")*0)+(COUNTIF(C29:AG29,"M")*1)+(COUNTIF(C29:AG29,"C")*0)+(COUNTIF(C29:AG29,"V")*1)+(COUNTIF(C29:AG29,"A")*1) -> 0
B30: ='January 2026'!B30 -> 0 | AH30: =(COUNTIF(C30:AG30,"H")*1)+(COUNTIF(C30:AG30,"H1")*0.5)+(COUNTIF(C30:AG30,"H2")*0.5)+(COUNTIF(C30:AG30,"Q")*0.25)+(COUNTIF(C30:AG30,"I")*1)+(COUNTIF(C30:AG30,"S")*0)+(COUNTIF(C30:AG30,"M")*1)+(COUNTIF(C30:AG30,"C")*0)+(COUNTIF(C30:AG30,"V")*1)+(COUNTIF(C30:AG30,"A")*1) -> 0
B31: ='January 2026'!B31 -> 0 | AH31: =(COUNTIF(C31:AG31,"H")*1)+(COUNTIF(C31:AG31,"H1")*0.5)+(COUNTIF(C31:AG31,"H2")*0.5)+(COUNTIF(C31:AG31,"Q")*0.25)+(COUNTIF(C31:AG31,"I")*1)+(COUNTIF(C31:AG31,"S")*0)+(COUNTIF(C31:AG31,"M")*1)+(COUNTIF(C31:AG31,"C")*0)+(COUNTIF(C31:AG31,"V")*1)+(COUNTIF(C31:AG31,"A")*1) -> 0
B32: ='January 2026'!B32 -> 0 | AH32: =(COUNTIF(C32:AG32,"H")*1)+(COUNTIF(C32:AG32,"H1")*0.5)+(COUNTIF(C32:AG32,"H2")*0.5)+(COUNTIF(C32:AG32,"Q")*0.25)+(COUNTIF(C32:AG32,"I")*1)+(COUNTIF(C32:AG32,"S")*0)+(COUNTIF(C32:AG32,"M")*1)+(COUNTIF(C32:AG32,"C")*0)+(COUNTIF(C32:AG32,"V")*1)+(COUNTIF(C32:AG32,"A")*1) -> 0
B33: ='January 2026'!B33 -> 0 | AH33: =(COUNTIF(C33:AG33,"H")*1)+(COUNTIF(C33:AG33,"H1")*0.5)+(COUNTIF(C33:AG33,"H2")*0.5)+(COUNTIF(C33:AG33,"Q")*0.25)+(COUNTIF(C33:AG33,"I")*1)+(COUNTIF(C33:AG33,"S")*0)+(COUNTIF(C33:AG33,"M")*1)+(COUNTIF(C33:AG33,"C")*0)+(COUNTIF(C33:AG33,"V")*1)+(COUNTIF(C33:AG33,"A")*1) -> 0
... B55: ='January 2026'!B55 -> 0 | AH55: =(COUNTIF(C55:AG55,"H")*1)+(COUNTIF(C55:AG55,"H1")*0.5)+(COUNTIF(C55:AG55,"H2")*0.5)+(COUNTIF(C55:AG55,"Q")*0.25)+(COUNTIF(C55:AG55,"I")*1)+(COUNTIF(C55:AG55,"S")*0)+(COUNTIF(C55:AG55,"M")*1)+(COUNTIF(C55:AG55,"C")*0)+(COUNTIF(C55:AG55,"V")*1)+(COUNTIF(C55:AG55,"A")*1) -> 0

Sheet June 2026
C1: 2026
C2: Week 23 | J2: Week 24 | Q2: Week 25 | X2: Week 26 | AE2: Week 27
C3: Jun | D3: Jun | E3: Jun | F3: Jun | G3: Jun | H3: Jun | I3: Jun | J3: Jun | K3: Jun | L3: Jun | M3: Jun | N3: Jun | O3: Jun | P3: Jun | Q3: Jun | R3: Jun | S3: Jun | T3: Jun | U3: Jun | V3: Jun | W3: Jun | X3: Jun | Y3: Jun | Z3: Jun | AA3: Jun | AB3: Jun | AC3: Jun | AD3: Jun | AE3: Jun | AF3: Jun | AG3: Absences this month | AI3: Absence type | AJ3: Code | AK3: Deduction
C4: 1 | D4: 2 | E4: 3 | F4: 4 | G4: 5 | H4: 6 | I4: 7 | J4: 8 | K4: 9 | L4: 10 | M4: 11 | N4: 12 | O4: 13 | P4: 14 | Q4: 15 | R4: 16 | S4: 17 | T4: 18 | U4: 19 | V4: 20 | W4: 21 | X4: 22 | Y4: 23 | Z4: 24 | AA4: 25 | AB4: 26 | AC4: 27 | AD4: 28 | AE4: 29 | AF4: 30
C5: Mon | D5: Tue | E5: Wed | F5: Thu | G5: Fri | H5: Sat | I5: Sun | J5: Mon | K5: Tue | L5: Wed | M5: Thu | N5: Fri | O5: Sat | P5: Sun | Q5: Mon | R5: Tue | S5: Wed | T5: Thu | U5: Fri | V5: Sat | W5: Sun | X5: Mon | Y5: Tue | Z5: Wed | AA5: Thu | AB5: Fri | AC5: Sat | AD5: Sun | AE5: Mon | AF5: Tue
B6: ='January 2026'!B6 -> Patience Tsikudo | AG6: =(COUNTIF(C6:AF6,"H")*1)+(COUNTIF(C6:AF6,"H1")*0.5)+(COUNTIF(C6:AF6,"H2")*0.5)+(COUNTIF(C6:AF6,"Q")*0.25)+(COUNTIF(C6:AF6,"I")*1)+(COUNTIF(C6:AF6,"S")*0)+(COUNTIF(C6:AF6,"M")*1)+(COUNTIF(C6:AF6,"C")*0)+(COUNTIF(C6:AF6,"V")*1)+(COUNTIF(C6:AF6,"A")*1) -> 0 | AI6: Holiday | AJ6: H | AK6: 1
B7: ='January 2026'!B7 -> Emmanuel Tetteh | AG7: =(COUNTIF(C7:AF7,"H")*1)+(COUNTIF(C7:AF7,"H1")*0.5)+(COUNTIF(C7:AF7,"H2")*0.5)+(COUNTIF(C7:AF7,"Q")*0.25)+(COUNTIF(C7:AF7,"I")*1)+(COUNTIF(C7:AF7,"S")*0)+(COUNTIF(C7:AF7,"M")*1)+(COUNTIF(C7:AF7,"C")*0)+(COUNTIF(C7:AF7,"V")*1)+(COUNTIF(C7:AF7,"A")*1) -> 0 | AI7: Half Day (morning) | AJ7: H1 | AK7: 0.5
B8: ='January 2026'!B8 -> Solomon Sefah | C8: C | D8: C | E8: C | F8: C | G8: C | AG8: =(COUNTIF(C8:AF8,"H")*1)+(COUNTIF(C8:AF8,"H1")*0.5)+(COUNTIF(C8:AF8,"H2")*0.5)+(COUNTIF(C8:AF8,"Q")*0.25)+(COUNTIF(C8:AF8,"I")*1)+(COUNTIF(C8:AF8,"S")*0)+(COUNTIF(C8:AF8,"M")*1)+(COUNTIF(C8:AF8,"C")*0)+(COUNTIF(C8:AF8,"V")*1)+(COUNTIF(C8:AF8,"A")*1) -> 0 | AI8: Half Day (afternoon) | AJ8: H2 | AK8: 0.5
B9: ='January 2026'!B9 -> Maame Lankar De Veer | AG9: =(COUNTIF(C9:AF9,"H")*1)+(COUNTIF(C9:AF9,"H1")*0.5)+(COUNTIF(C9:AF9,"H2")*0.5)+(COUNTIF(C9:AF9,"Q")*0.25)+(COUNTIF(C9:AF9,"I")*1)+(COUNTIF(C9:AF9,"S")*0)+(COUNTIF(C9:AF9,"M")*1)+(COUNTIF(C9:AF9,"C")*0)+(COUNTIF(C9:AF9,"V")*1)+(COUNTIF(C9:AF9,"A")*1) -> 0 | AI9: Quarter day | AJ9: Q | AK9: 0.25
B10: ='January 2026'!B10 -> Joel Akwesi Opoku | J10: V | K10: V | L10: V | M10: V | X10: V | Y10: V | Z10: V | AG10: =(COUNTIF(C10:AF10,"H")*1)+(COUNTIF(C10:AF10,"H1")*0.5)+(COUNTIF(C10:AF10,"H2")*0.5)+(COUNTIF(C10:AF10,"Q")*0.25)+(COUNTIF(C10:AF10,"I")*1)+(COUNTIF(C10:AF10,"S")*0)+(COUNTIF(C10:AF10,"M")*1)+(COUNTIF(C10:AF10,"C")*0)+(COUNTIF(C10:AF10,"V")*1)+(COUNTIF(C10:AF10,"A")*1) -> 7 | AI10: Inactive | AJ10: I | AK10: 1
B11: ='January 2026'!B11 -> Samuel Napaa | C11: S | D11: S | G11: S | J11: V | AG11: =(COUNTIF(C11:AF11,"H")*1)+(COUNTIF(C11:AF11,"H1")*0.5)+(COUNTIF(C11:AF11,"H2")*0.5)+(COUNTIF(C11:AF11,"Q")*0.25)+(COUNTIF(C11:AF11,"I")*1)+(COUNTIF(C11:AF11,"S")*0)+(COUNTIF(C11:AF11,"M")*1)+(COUNTIF(C11:AF11,"C")*0)+(COUNTIF(C11:AF11,"V")*1)+(COUNTIF(C11:AF11,"A")*1) -> 1 | AI11: Sickness | AJ11: S | AK11: 0
B12: ='January 2026'!B12 -> Cyril Elorm Dzamaklu | AG12: =(COUNTIF(C12:AF12,"H")*1)+(COUNTIF(C12:AF12,"H1")*0.5)+(COUNTIF(C12:AF12,"H2")*0.5)+(COUNTIF(C12:AF12,"Q")*0.25)+(COUNTIF(C12:AF12,"I")*1)+(COUNTIF(C12:AF12,"S")*0)+(COUNTIF(C12:AF12,"M")*1)+(COUNTIF(C12:AF12,"C")*0)+(COUNTIF(C12:AF12,"V")*1)+(COUNTIF(C12:AF12,"A")*1) -> 0 | AI12: Maternity/Paternity | AJ12: M | AK12: 1
B13: ='January 2026'!B13 -> Edwin Sedem Lawuiekpor | AG13: =(COUNTIF(C13:AF13,"H")*1)+(COUNTIF(C13:AF13,"H1")*0.5)+(COUNTIF(C13:AF13,"H2")*0.5)+(COUNTIF(C13:AF13,"Q")*0.25)+(COUNTIF(C13:AF13,"I")*1)+(COUNTIF(C13:AF13,"S")*0)+(COUNTIF(C13:AF13,"M")*1)+(COUNTIF(C13:AF13,"C")*0)+(COUNTIF(C13:AF13,"V")*1)+(COUNTIF(C13:AF13,"A")*1) -> 0 | AI13: Compassionate | AJ13: C | AK13: 0
B14: ='January 2026'!B14 -> Emmanuel Quansah | C14: V | E14: S | F14: S | G14: S | AG14: =(COUNTIF(C14:AF14,"H")*1)+(COUNTIF(C14:AF14,"H1")*0.5)+(COUNTIF(C14:AF14,"H2")*0.5)+(COUNTIF(C14:AF14,"Q")*0.25)+(COUNTIF(C14:AF14,"I")*1)+(COUNTIF(C14:AF14,"S")*0)+(COUNTIF(C14:AF14,"M")*1)+(COUNTIF(C14:AF14,"C")*0)+(COUNTIF(C14:AF14,"V")*1)+(COUNTIF(C14:AF14,"A")*1) -> 1 | AI14: Vacation | AJ14: V | AK14: 1
B15: ='January 2026'!B15 -> Ben Oni Dankyi Ofosu | F15: V | T15: V | U15: V | X15: V | AG15: =(COUNTIF(C15:AF15,"H")*1)+(COUNTIF(C15:AF15,"H1")*0.5)+(COUNTIF(C15:AF15,"H2")*0.5)+(COUNTIF(C15:AF15,"Q")*0.25)+(COUNTIF(C15:AF15,"I")*1)+(COUNTIF(C15:AF15,"S")*0)+(COUNTIF(C15:AF15,"M")*1)+(COUNTIF(C15:AF15,"C")*0)+(COUNTIF(C15:AF15,"V")*1)+(COUNTIF(C15:AF15,"A")*1) -> 4 | AI15: Absent/No Show | AJ15: A | AK15: 1
B16: ='January 2026'!B16 -> Wahab Amoako Domson | F16: H1 | G16: H2 | J16: H1 | AG16: =(COUNTIF(C16:AF16,"H")*1)+(COUNTIF(C16:AF16,"H1")*0.5)+(COUNTIF(C16:AF16,"H2")*0.5)+(COUNTIF(C16:AF16,"Q")*0.25)+(COUNTIF(C16:AF16,"I")*1)+(COUNTIF(C16:AF16,"S")*0)+(COUNTIF(C16:AF16,"M")*1)+(COUNTIF(C16:AF16,"C")*0)+(COUNTIF(C16:AF16,"V")*1)+(COUNTIF(C16:AF16,"A")*1) -> 1.5
B17: ='January 2026'!B17 -> Emmanuel Quarshie | C17: V | G17: V | AG17: =(COUNTIF(C17:AF17,"H")*1)+(COUNTIF(C17:AF17,"H1")*0.5)+(COUNTIF(C17:AF17,"H2")*0.5)+(COUNTIF(C17:AF17,"Q")*0.25)+(COUNTIF(C17:AF17,"I")*1)+(COUNTIF(C17:AF17,"S")*0)+(COUNTIF(C17:AF17,"M")*1)+(COUNTIF(C17:AF17,"C")*0)+(COUNTIF(C17:AF17,"V")*1)+(COUNTIF(C17:AF17,"A")*1) -> 2
B18: ='January 2026'!B18 -> Ethel Prempeh | AG18: =(COUNTIF(C18:AF18,"H")*1)+(COUNTIF(C18:AF18,"H1")*0.5)+(COUNTIF(C18:AF18,"H2")*0.5)+(COUNTIF(C18:AF18,"Q")*0.25)+(COUNTIF(C18:AF18,"I")*1)+(COUNTIF(C18:AF18,"S")*0)+(COUNTIF(C18:AF18,"M")*1)+(COUNTIF(C18:AF18,"C")*0)+(COUNTIF(C18:AF18,"V")*1)+(COUNTIF(C18:AF18,"A")*1) -> 0
B19: ='January 2026'!B19 -> Isaac Appiah | J19: Q | K19: Q | L19: Q | AG19: =(COUNTIF(C19:AF19,"H")*1)+(COUNTIF(C19:AF19,"H1")*0.5)+(COUNTIF(C19:AF19,"H2")*0.5)+(COUNTIF(C19:AF19,"Q")*0.25)+(COUNTIF(C19:AF19,"I")*1)+(COUNTIF(C19:AF19,"S")*0)+(COUNTIF(C19:AF19,"M")*1)+(COUNTIF(C19:AF19,"C")*0)+(COUNTIF(C19:AF19,"V")*1)+(COUNTIF(C19:AF19,"A")*1) -> 0.75
B20: Gerald Agyapong | M20: V | Z20: S | AA20: S | AB20: S | AG20: =(COUNTIF(C20:AF20,"H")*1)+(COUNTIF(C20:AF20,"H1")*0.5)+(COUNTIF(C20:AF20,"H2")*0.5)+(COUNTIF(C20:AF20,"Q")*0.25)+(COUNTIF(C20:AF20,"I")*1)+(COUNTIF(C20:AF20,"S")*0)+(COUNTIF(C20:AF20,"M")*1)+(COUNTIF(C20:AF20,"C")*0)+(COUNTIF(C20:AF20,"V")*1)+(COUNTIF(C20:AF20,"A")*1) -> 1
B21: ='January 2026'!B21 -> 0 | AG21: =(COUNTIF(C21:AF21,"H")*1)+(COUNTIF(C21:AF21,"H1")*0.5)+(COUNTIF(C21:AF21,"H2")*0.5)+(COUNTIF(C21:AF21,"Q")*0.25)+(COUNTIF(C21:AF21,"I")*1)+(COUNTIF(C21:AF21,"S")*0)+(COUNTIF(C21:AF21,"M")*1)+(COUNTIF(C21:AF21,"C")*0)+(COUNTIF(C21:AF21,"V")*1)+(COUNTIF(C21:AF21,"A")*1) -> 0
B22: ='January 2026'!B22 -> 0 | AG22: =(COUNTIF(C22:AF22,"H")*1)+(COUNTIF(C22:AF22,"H1")*0.5)+(COUNTIF(C22:AF22,"H2")*0.5)+(COUNTIF(C22:AF22,"Q")*0.25)+(COUNTIF(C22:AF22,"I")*1)+(COUNTIF(C22:AF22,"S")*0)+(COUNTIF(C22:AF22,"M")*1)+(COUNTIF(C22:AF22,"C")*0)+(COUNTIF(C22:AF22,"V")*1)+(COUNTIF(C22:AF22,"A")*1) -> 0
B23: ='January 2026'!B23 -> 0 | AG23: =(COUNTIF(C23:AF23,"H")*1)+(COUNTIF(C23:AF23,"H1")*0.5)+(COUNTIF(C23:AF23,"H2")*0.5)+(COUNTIF(C23:AF23,"Q")*0.25)+(COUNTIF(C23:AF23,"I")*1)+(COUNTIF(C23:AF23,"S")*0)+(COUNTIF(C23:AF23,"M")*1)+(COUNTIF(C23:AF23,"C")*0)+(COUNTIF(C23:AF23,"V")*1)+(COUNTIF(C23:AF23,"A")*1) -> 0
B24: ='January 2026'!B24 -> 0 | AG24: =(COUNTIF(C24:AF24,"H")*1)+(COUNTIF(C24:AF24,"H1")*0.5)+(COUNTIF(C24:AF24,"H2")*0.5)+(COUNTIF(C24:AF24,"Q")*0.25)+(COUNTIF(C24:AF24,"I")*1)+(COUNTIF(C24:AF24,"S")*0)+(COUNTIF(C24:AF24,"M")*1)+(COUNTIF(C24:AF24,"C")*0)+(COUNTIF(C24:AF24,"V")*1)+(COUNTIF(C24:AF24,"A")*1) -> 0
B25: ='January 2026'!B25 -> 0 | AG25: =(COUNTIF(C25:AF25,"H")*1)+(COUNTIF(C25:AF25,"H1")*0.5)+(COUNTIF(C25:AF25,"H2")*0.5)+(COUNTIF(C25:AF25,"Q")*0.25)+(COUNTIF(C25:AF25,"I")*1)+(COUNTIF(C25:AF25,"S")*0)+(COUNTIF(C25:AF25,"M")*1)+(COUNTIF(C25:AF25,"C")*0)+(COUNTIF(C25:AF25,"V")*1)+(COUNTIF(C25:AF25,"A")*1) -> 0
B26: ='January 2026'!B26 -> 0 | AG26: =(COUNTIF(C26:AF26,"H")*1)+(COUNTIF(C26:AF26,"H1")*0.5)+(COUNTIF(C26:AF26,"H2")*0.5)+(COUNTIF(C26:AF26,"Q")*0.25)+(COUNTIF(C26:AF26,"I")*1)+(COUNTIF(C26:AF26,"S")*0)+(COUNTIF(C26:AF26,"M")*1)+(COUNTIF(C26:AF26,"C")*0)+(COUNTIF(C26:AF26,"V")*1)+(COUNTIF(C26:AF26,"A")*1) -> 0
B27: ='January 2026'!B27 -> 0 | AG27: =(COUNTIF(C27:AF27,"H")*1)+(COUNTIF(C27:AF27,"H1")*0.5)+(COUNTIF(C27:AF27,"H2")*0.5)+(COUNTIF(C27:AF27,"Q")*0.25)+(COUNTIF(C27:AF27,"I")*1)+(COUNTIF(C27:AF27,"S")*0)+(COUNTIF(C27:AF27,"M")*1)+(COUNTIF(C27:AF27,"C")*0)+(COUNTIF(C27:AF27,"V")*1)+(COUNTIF(C27:AF27,"A")*1) -> 0
B28: ='January 2026'!B28 -> 0 | AG28: =(COUNTIF(C28:AF28,"H")*1)+(COUNTIF(C28:AF28,"H1")*0.5)+(COUNTIF(C28:AF28,"H2")*0.5)+(COUNTIF(C28:AF28,"Q")*0.25)+(COUNTIF(C28:AF28,"I")*1)+(COUNTIF(C28:AF28,"S")*0)+(COUNTIF(C28:AF28,"M")*1)+(COUNTIF(C28:AF28,"C")*0)+(COUNTIF(C28:AF28,"V")*1)+(COUNTIF(C28:AF28,"A")*1) -> 0
B29: ='January 2026'!B29 -> 0 | AG29: =(COUNTIF(C29:AF29,"H")*1)+(COUNTIF(C29:AF29,"H1")*0.5)+(COUNTIF(C29:AF29,"H2")*0.5)+(COUNTIF(C29:AF29,"Q")*0.25)+(COUNTIF(C29:AF29,"I")*1)+(COUNTIF(C29:AF29,"S")*0)+(COUNTIF(C29:AF29,"M")*1)+(COUNTIF(C29:AF29,"C")*0)+(COUNTIF(C29:AF29,"V")*1)+(COUNTIF(C29:AF29,"A")*1) -> 0
B30: ='January 2026'!B30 -> 0 | AG30: =(COUNTIF(C30:AF30,"H")*1)+(COUNTIF(C30:AF30,"H1")*0.5)+(COUNTIF(C30:AF30,"H2")*0.5)+(COUNTIF(C30:AF30,"Q")*0.25)+(COUNTIF(C30:AF30,"I")*1)+(COUNTIF(C30:AF30,"S")*0)+(COUNTIF(C30:AF30,"M")*1)+(COUNTIF(C30:AF30,"C")*0)+(COUNTIF(C30:AF30,"V")*1)+(COUNTIF(C30:AF30,"A")*1) -> 0
B31: ='January 2026'!B31 -> 0 | AG31: =(COUNTIF(C31:AF31,"H")*1)+(COUNTIF(C31:AF31,"H1")*0.5)+(COUNTIF(C31:AF31,"H2")*0.5)+(COUNTIF(C31:AF31,"Q")*0.25)+(COUNTIF(C31:AF31,"I")*1)+(COUNTIF(C31:AF31,"S")*0)+(COUNTIF(C31:AF31,"M")*1)+(COUNTIF(C31:AF31,"C")*0)+(COUNTIF(C31:AF31,"V")*1)+(COUNTIF(C31:AF31,"A")*1) -> 0
B32: ='January 2026'!B32 -> 0 | AG32: =(COUNTIF(C32:AF32,"H")*1)+(COUNTIF(C32:AF32,"H1")*0.5)+(COUNTIF(C32:AF32,"H2")*0.5)+(COUNTIF(C32:AF32,"Q")*0.25)+(COUNTIF(C32:AF32,"I")*1)+(COUNTIF(C32:AF32,"S")*0)+(COUNTIF(C32:AF32,"M")*1)+(COUNTIF(C32:AF32,"C")*0)+(COUNTIF(C32:AF32,"V")*1)+(COUNTIF(C32:AF32,"A")*1) -> 0
... B55: ='January 2026'!B55 -> 0 | AG55: =(COUNTIF(C55:AF55,"H")*1)+(COUNTIF(C55:AF55,"H1")*0.5)+(COUNTIF(C55:AF55,"H2")*0.5)+(COUNTIF(C55:AF55,"Q")*0.25)+(COUNTIF(C55:AF55,"I")*1)+(COUNTIF(C55:AF55,"S")*0)+(COUNTIF(C55:AF55,"M")*1)+(COUNTIF(C55:AF55,"C")*0)+(COUNTIF(C55:AF55,"V")*1)+(COUNTIF(C55:AF55,"A")*1) -> 0
B57: Manage leave across multiple departments with real-time updates and visibility using our cloud-based leave planner.
B58: https://absentia.io/staff-holiday-booking-system

Sheet July 2026
C1: 2026
C2: Week 27 | H2: Week 28 | O2: Week 29 | V2: Week 30 | AC2: Week 31
C3: Jul | D3: Jul | E3: Jul | F3: Jul | G3: Jul | H3: Jul | I3: Jul | J3: Jul | K3: Jul | L3: Jul | M3: Jul | N3: Jul | O3: Jul | P3: Jul | Q3: Jul | R3: Jul | S3: Jul | T3: Jul | U3: Jul | V3: Jul | W3: Jul | X3: Jul | Y3: Jul | Z3: Jul | AA3: Jul | AB3: Jul | AC3: Jul | AD3: Jul | AE3: Jul | AF3: Jul | AG3: Jul | AH3: Absences this month | AJ3: Absence type | AK3: Code | AL3: Deduction
C4: 1 | D4: 2 | E4: 3 | F4: 4 | G4: 5 | H4: 6 | I4: 7 | J4: 8 | K4: 9 | L4: 10 | M4: 11 | N4: 12 | O4: 13 | P4: 14 | Q4: 15 | R4: 16 | S4: 17 | T4: 18 | U4: 19 | V4: 20 | W4: 21 | X4: 22 | Y4: 23 | Z4: 24 | AA4: 25 | AB4: 26 | AC4: 27 | AD4: 28 | AE4: 29 | AF4: 30 | AG4: 31
C5: Wed | D5: Thu | E5: Fri | F5: Sat | G5: Sun | H5: Mon | I5: Tue | J5: Wed | K5: Thu | L5: Fri | M5: Sat | N5: Sun | O5: Mon | P5: Tue | Q5: Wed | R5: Thu | S5: Fri | T5: Sat | U5: Sun | V5: Mon | W5: Tue | X5: Wed | Y5: Thu | Z5: Fri | AA5: Sat | AB5: Sun | AC5: Mon | AD5: Tue | AE5: Wed | AF5: Thu | AG5: Fri
B6: ='January 2026'!B6 -> Patience Tsikudo | E6: H | AH6: =(COUNTIF(C6:AG6,"H")*1)+(COUNTIF(C6:AG6,"H1")*0.5)+(COUNTIF(C6:AG6,"H2")*0.5)+(COUNTIF(C6:AG6,"Q")*0.25)+(COUNTIF(C6:AG6,"I")*1)+(COUNTIF(C6:AG6,"S")*0)+(COUNTIF(C6:AG6,"M")*1)+(COUNTIF(C6:AG6,"C")*0)+(COUNTIF(C6:AG6,"V")*1)+(COUNTIF(C6:AG6,"A")*1) -> 1 | AJ6: Holiday | AK6: H | AL6: 1
B7: ='January 2026'!B7 -> Emmanuel Tetteh | E7: H | AH7: =(COUNTIF(C7:AG7,"H")*1)+(COUNTIF(C7:AG7,"H1")*0.5)+(COUNTIF(C7:AG7,"H2")*0.5)+(COUNTIF(C7:AG7,"Q")*0.25)+(COUNTIF(C7:AG7,"I")*1)+(COUNTIF(C7:AG7,"S")*0)+(COUNTIF(C7:AG7,"M")*1)+(COUNTIF(C7:AG7,"C")*0)+(COUNTIF(C7:AG7,"V")*1)+(COUNTIF(C7:AG7,"A")*1) -> 1 | AJ7: Half Day (morning) | AK7: H1 | AL7: 0.5
B8: ='January 2026'!B8 -> Solomon Sefah | E8: H | AH8: =(COUNTIF(C8:AG8,"H")*1)+(COUNTIF(C8:AG8,"H1")*0.5)+(COUNTIF(C8:AG8,"H2")*0.5)+(COUNTIF(C8:AG8,"Q")*0.25)+(COUNTIF(C8:AG8,"I")*1)+(COUNTIF(C8:AG8,"S")*0)+(COUNTIF(C8:AG8,"M")*1)+(COUNTIF(C8:AG8,"C")*0)+(COUNTIF(C8:AG8,"V")*1)+(COUNTIF(C8:AG8,"A")*1) -> 1 | AJ8: Half Day (afternoon) | AK8: H2 | AL8: 0.5
B9: ='January 2026'!B9 -> Maame Lankar De Veer | E9: H | AH9: =(COUNTIF(C9:AG9,"H")*1)+(COUNTIF(C9:AG9,"H1")*0.5)+(COUNTIF(C9:AG9,"H2")*0.5)+(COUNTIF(C9:AG9,"Q")*0.25)+(COUNTIF(C9:AG9,"I")*1)+(COUNTIF(C9:AG9,"S")*0)+(COUNTIF(C9:AG9,"M")*1)+(COUNTIF(C9:AG9,"C")*0)+(COUNTIF(C9:AG9,"V")*1)+(COUNTIF(C9:AG9,"A")*1) -> 1 | AJ9: Quarter day | AK9: Q | AL9: 0.25
B10: ='January 2026'!B10 -> Joel Akwesi Opoku | E10: H | AH10: =(COUNTIF(C10:AG10,"H")*1)+(COUNTIF(C10:AG10,"H1")*0.5)+(COUNTIF(C10:AG10,"H2")*0.5)+(COUNTIF(C10:AG10,"Q")*0.25)+(COUNTIF(C10:AG10,"I")*1)+(COUNTIF(C10:AG10,"S")*0)+(COUNTIF(C10:AG10,"M")*1)+(COUNTIF(C10:AG10,"C")*0)+(COUNTIF(C10:AG10,"V")*1)+(COUNTIF(C10:AG10,"A")*1) -> 1 | AJ10: Inactive | AK10: I | AL10: 1
B11: ='January 2026'!B11 -> Samuel Napaa | E11: H | AH11: =(COUNTIF(C11:AG11,"H")*1)+(COUNTIF(C11:AG11,"H1")*0.5)+(COUNTIF(C11:AG11,"H2")*0.5)+(COUNTIF(C11:AG11,"Q")*0.25)+(COUNTIF(C11:AG11,"I")*1)+(COUNTIF(C11:AG11,"S")*0)+(COUNTIF(C11:AG11,"M")*1)+(COUNTIF(C11:AG11,"C")*0)+(COUNTIF(C11:AG11,"V")*1)+(COUNTIF(C11:AG11,"A")*1) -> 1 | AJ11: Sickness | AK11: S | AL11: 0
B12: ='January 2026'!B12 -> Cyril Elorm Dzamaklu | E12: H | AH12: =(COUNTIF(C12:AG12,"H")*1)+(COUNTIF(C12:AG12,"H1")*0.5)+(COUNTIF(C12:AG12,"H2")*0.5)+(COUNTIF(C12:AG12,"Q")*0.25)+(COUNTIF(C12:AG12,"I")*1)+(COUNTIF(C12:AG12,"S")*0)+(COUNTIF(C12:AG12,"M")*1)+(COUNTIF(C12:AG12,"C")*0)+(COUNTIF(C12:AG12,"V")*1)+(COUNTIF(C12:AG12,"A")*1) -> 1 | AJ12: Maternity/Paternity | AK12: M | AL12: 1
B13: ='January 2026'!B13 -> Edwin Sedem Lawuiekpor | E13: H | AH13: =(COUNTIF(C13:AG13,"H")*1)+(COUNTIF(C13:AG13,"H1")*0.5)+(COUNTIF(C13:AG13,"H2")*0.5)+(COUNTIF(C13:AG13,"Q")*0.25)+(COUNTIF(C13:AG13,"I")*1)+(COUNTIF(C13:AG13,"S")*0)+(COUNTIF(C13:AG13,"M")*1)+(COUNTIF(C13:AG13,"C")*0)+(COUNTIF(C13:AG13,"V")*1)+(COUNTIF(C13:AG13,"A")*1) -> 1 | AJ13: Compassionate | AK13: C | AL13: 0
B14: ='January 2026'!B14 -> Emmanuel Quansah | E14: H | AH14: =(COUNTIF(C14:AG14,"H")*1)+(COUNTIF(C14:AG14,"H1")*0.5)+(COUNTIF(C14:AG14,"H2")*0.5)+(COUNTIF(C14:AG14,"Q")*0.25)+(COUNTIF(C14:AG14,"I")*1)+(COUNTIF(C14:AG14,"S")*0)+(COUNTIF(C14:AG14,"M")*1)+(COUNTIF(C14:AG14,"C")*0)+(COUNTIF(C14:AG14,"V")*1)+(COUNTIF(C14:AG14,"A")*1) -> 1 | AJ14: Vacation | AK14: V | AL14: 1
B15: ='January 2026'!B15 -> Ben Oni Dankyi Ofosu | E15: H | AH15: =(COUNTIF(C15:AG15,"H")*1)+(COUNTIF(C15:AG15,"H1")*0.5)+(COUNTIF(C15:AG15,"H2")*0.5)+(COUNTIF(C15:AG15,"Q")*0.25)+(COUNTIF(C15:AG15,"I")*1)+(COUNTIF(C15:AG15,"S")*0)+(COUNTIF(C15:AG15,"M")*1)+(COUNTIF(C15:AG15,"C")*0)+(COUNTIF(C15:AG15,"V")*1)+(COUNTIF(C15:AG15,"A")*1) -> 1 | AJ15: Absent/No Show | AK15: A | AL15: 1
B16: ='January 2026'!B16 -> Wahab Amoako Domson | E16: H | AH16: =(COUNTIF(C16:AG16,"H")*1)+(COUNTIF(C16:AG16,"H1")*0.5)+(COUNTIF(C16:AG16,"H2")*0.5)+(COUNTIF(C16:AG16,"Q")*0.25)+(COUNTIF(C16:AG16,"I")*1)+(COUNTIF(C16:AG16,"S")*0)+(COUNTIF(C16:AG16,"M")*1)+(COUNTIF(C16:AG16,"C")*0)+(COUNTIF(C16:AG16,"V")*1)+(COUNTIF(C16:AG16,"A")*1) -> 1
B17: ='January 2026'!B17 -> Emmanuel Quarshie | E17: H | AH17: =(COUNTIF(C17:AG17,"H")*1)+(COUNTIF(C17:AG17,"H1")*0.5)+(COUNTIF(C17:AG17,"H2")*0.5)+(COUNTIF(C17:AG17,"Q")*0.25)+(COUNTIF(C17:AG17,"I")*1)+(COUNTIF(C17:AG17,"S")*0)+(COUNTIF(C17:AG17,"M")*1)+(COUNTIF(C17:AG17,"C")*0)+(COUNTIF(C17:AG17,"V")*1)+(COUNTIF(C17:AG17,"A")*1) -> 1
B18: ='January 2026'!B18 -> Ethel Prempeh | E18: H | AH18: =(COUNTIF(C18:AG18,"H")*1)+(COUNTIF(C18:AG18,"H1")*0.5)+(COUNTIF(C18:AG18,"H2")*0.5)+(COUNTIF(C18:AG18,"Q")*0.25)+(COUNTIF(C18:AG18,"I")*1)+(COUNTIF(C18:AG18,"S")*0)+(COUNTIF(C18:AG18,"M")*1)+(COUNTIF(C18:AG18,"C")*0)+(COUNTIF(C18:AG18,"V")*1)+(COUNTIF(C18:AG18,"A")*1) -> 1
B19: ='January 2026'!B19 -> Isaac Appiah | E19: H | AH19: =(COUNTIF(C19:AG19,"H")*1)+(COUNTIF(C19:AG19,"H1")*0.5)+(COUNTIF(C19:AG19,"H2")*0.5)+(COUNTIF(C19:AG19,"Q")*0.25)+(COUNTIF(C19:AG19,"I")*1)+(COUNTIF(C19:AG19,"S")*0)+(COUNTIF(C19:AG19,"M")*1)+(COUNTIF(C19:AG19,"C")*0)+(COUNTIF(C19:AG19,"V")*1)+(COUNTIF(C19:AG19,"A")*1) -> 1
B20: Gerald Agyapong | E20: H | AH20: =(COUNTIF(C20:AG20,"H")*1)+(COUNTIF(C20:AG20,"H1")*0.5)+(COUNTIF(C20:AG20,"H2")*0.5)+(COUNTIF(C20:AG20,"Q")*0.25)+(COUNTIF(C20:AG20,"I")*1)+(COUNTIF(C20:AG20,"S")*0)+(COUNTIF(C20:AG20,"M")*1)+(COUNTIF(C20:AG20,"C")*0)+(COUNTIF(C20:AG20,"V")*1)+(COUNTIF(C20:AG20,"A")*1) -> 1
B21: ='January 2026'!B21 -> 0 | AH21: =(COUNTIF(C21:AG21,"H")*1)+(COUNTIF(C21:AG21,"H1")*0.5)+(COUNTIF(C21:AG21,"H2")*0.5)+(COUNTIF(C21:AG21,"Q")*0.25)+(COUNTIF(C21:AG21,"I")*1)+(COUNTIF(C21:AG21,"S")*0)+(COUNTIF(C21:AG21,"M")*1)+(COUNTIF(C21:AG21,"C")*0)+(COUNTIF(C21:AG21,"V")*1)+(COUNTIF(C21:AG21,"A")*1) -> 0
B22: ='January 2026'!B22 -> 0 | AH22: =(COUNTIF(C22:AG22,"H")*1)+(COUNTIF(C22:AG22,"H1")*0.5)+(COUNTIF(C22:AG22,"H2")*0.5)+(COUNTIF(C22:AG22,"Q")*0.25)+(COUNTIF(C22:AG22,"I")*1)+(COUNTIF(C22:AG22,"S")*0)+(COUNTIF(C22:AG22,"M")*1)+(COUNTIF(C22:AG22,"C")*0)+(COUNTIF(C22:AG22,"V")*1)+(COUNTIF(C22:AG22,"A")*1) -> 0
B23: ='January 2026'!B23 -> 0 | AH23: =(COUNTIF(C23:AG23,"H")*1)+(COUNTIF(C23:AG23,"H1")*0.5)+(COUNTIF(C23:AG23,"H2")*0.5)+(COUNTIF(C23:AG23,"Q")*0.25)+(COUNTIF(C23:AG23,"I")*1)+(COUNTIF(C23:AG23,"S")*0)+(COUNTIF(C23:AG23,"M")*1)+(COUNTIF(C23:AG23,"C")*0)+(COUNTIF(C23:AG23,"V")*1)+(COUNTIF(C23:AG23,"A")*1) -> 0
B24: ='January 2026'!B24 -> 0 | AH24: =(COUNTIF(C24:AG24,"H")*1)+(COUNTIF(C24:AG24,"H1")*0.5)+(COUNTIF(C24:AG24,"H2")*0.5)+(COUNTIF(C24:AG24,"Q")*0.25)+(COUNTIF(C24:AG24,"I")*1)+(COUNTIF(C24:AG24,"S")*0)+(COUNTIF(C24:AG24,"M")*1)+(COUNTIF(C24:AG24,"C")*0)+(COUNTIF(C24:AG24,"V")*1)+(COUNTIF(C24:AG24,"A")*1) -> 0
B25: ='January 2026'!B25 -> 0 | AH25: =(COUNTIF(C25:AG25,"H")*1)+(COUNTIF(C25:AG25,"H1")*0.5)+(COUNTIF(C25:AG25,"H2")*0.5)+(COUNTIF(C25:AG25,"Q")*0.25)+(COUNTIF(C25:AG25,"I")*1)+(COUNTIF(C25:AG25,"S")*0)+(COUNTIF(C25:AG25,"M")*1)+(COUNTIF(C25:AG25,"C")*0)+(COUNTIF(C25:AG25,"V")*1)+(COUNTIF(C25:AG25,"A")*1) -> 0
B26: ='January 2026'!B26 -> 0 | AH26: =(COUNTIF(C26:AG26,"H")*1)+(COUNTIF(C26:AG26,"H1")*0.5)+(COUNTIF(C26:AG26,"H2")*0.5)+(COUNTIF(C26:AG26,"Q")*0.25)+(COUNTIF(C26:AG26,"I")*1)+(COUNTIF(C26:AG26,"S")*0)+(COUNTIF(C26:AG26,"M")*1)+(COUNTIF(C26:AG26,"C")*0)+(COUNTIF(C26:AG26,"V")*1)+(COUNTIF(C26:AG26,"A")*1) -> 0
B27: ='January 2026'!B27 -> 0 | AH27: =(COUNTIF(C27:AG27,"H")*1)+(COUNTIF(C27:AG27,"H1")*0.5)+(COUNTIF(C27:AG27,"H2")*0.5)+(COUNTIF(C27:AG27,"Q")*0.25)+(COUNTIF(C27:AG27,"I")*1)+(COUNTIF(C27:AG27,"S")*0)+(COUNTIF(C27:AG27,"M")*1)+(COUNTIF(C27:AG27,"C")*0)+(COUNTIF(C27:AG27,"V")*1)+(COUNTIF(C27:AG27,"A")*1) -> 0
B28: ='January 2026'!B28 -> 0 | AH28: =(COUNTIF(C28:AG28,"H")*1)+(COUNTIF(C28:AG28,"H1")*0.5)+(COUNTIF(C28:AG28,"H2")*0.5)+(COUNTIF(C28:AG28,"Q")*0.25)+(COUNTIF(C28:AG28,"I")*1)+(COUNTIF(C28:AG28,"S")*0)+(COUNTIF(C28:AG28,"M")*1)+(COUNTIF(C28:AG28,"C")*0)+(COUNTIF(C28:AG28,"V")*1)+(COUNTIF(C28:AG28,"A")*1) -> 0
B29: ='January 2026'!B29 -> 0 | AH29: =(COUNTIF(C29:AG29,"H")*1)+(COUNTIF(C29:AG29,"H1")*0.5)+(COUNTIF(C29:AG29,"H2")*0.5)+(COUNTIF(C29:AG29,"Q")*0.25)+(COUNTIF(C29:AG29,"I")*1)+(COUNTIF(C29:AG29,"S")*0)+(COUNTIF(C29:AG29,"M")*1)+(COUNTIF(C29:AG29,"C")*0)+(COUNTIF(C29:AG29,"V")*1)+(COUNTIF(C29:AG29,"A")*1) -> 0
B30: ='January 2026'!B30 -> 0 | AH30: =(COUNTIF(C30:AG30,"H")*1)+(COUNTIF(C30:AG30,"H1")*0.5)+(COUNTIF(C30:AG30,"H2")*0.5)+(COUNTIF(C30:AG30,"Q")*0.25)+(COUNTIF(C30:AG30,"I")*1)+(COUNTIF(C30:AG30,"S")*0)+(COUNTIF(C30:AG30,"M")*1)+(COUNTIF(C30:AG30,"C")*0)+(COUNTIF(C30:AG30,"V")*1)+(COUNTIF(C30:AG30,"A")*1) -> 0
B31: ='January 2026'!B31 -> 0 | AH31: =(COUNTIF(C31:AG31,"H")*1)+(COUNTIF(C31:AG31,"H1")*0.5)+(COUNTIF(C31:AG31,"H2")*0.5)+(COUNTIF(C31:AG31,"Q")*0.25)+(COUNTIF(C31:AG31,"I")*1)+(COUNTIF(C31:AG31,"S")*0)+(COUNTIF(C31:AG31,"M")*1)+(COUNTIF(C31:AG31,"C")*0)+(COUNTIF(C31:AG31,"V")*1)+(COUNTIF(C31:AG31,"A")*1) -> 0
B32: ='January 2026'!B32 -> 0 | AH32: =(COUNTIF(C32:AG32,"H")*1)+(COUNTIF(C32:AG32,"H1")*0.5)+(COUNTIF(C32:AG32,"H2")*0.5)+(COUNTIF(C32:AG32,"Q")*0.25)+(COUNTIF(C32:AG32,"I")*1)+(COUNTIF(C32:AG32,"S")*0)+(COUNTIF(C32:AG32,"M")*1)+(COUNTIF(C32:AG32,"C")*0)+(COUNTIF(C32:AG32,"V")*1)+(COUNTIF(C32:AG32,"A")*1) -> 0
... B55: ='January 2026'!B55 -> 0 | AH55: =(COUNTIF(C55:AG55,"H")*1)+(COUNTIF(C55:AG55,"H1")*0.5)+(COUNTIF(C55:AG55,"H2")*0.5)+(COUNTIF(C55:AG55,"Q")*0.25)+(COUNTIF(C55:AG55,"I")*1)+(COUNTIF(C55:AG55,"S")*0)+(COUNTIF(C55:AG55,"M")*1)+(COUNTIF(C55:AG55,"C")*0)+(COUNTIF(C55:AG55,"V")*1)+(COUNTIF(C55:AG55,"A")*1) -> 0
B57: Sync your team's holidays to your Outlook/Google calendar using our online leave tracker.
B58: https://absentia.io/staff-holiday-booking-system

Sheet August 2026
C1: 2026
C2: Week 31 | E2: Week 32 | L2: Week 33 | S2: Week 34 | Z2: Week 35 | AG2: W36
C3: Aug | D3: Aug | E3: Aug | F3: Aug | G3: Aug | H3: Aug | I3: Aug | J3: Aug | K3: Aug | L3: Aug | M3: Aug | N3: Aug | O3: Aug | P3: Aug | Q3: Aug | R3: Aug | S3: Aug | T3: Aug | U3: Aug | V3: Aug | W3: Aug | X3: Aug | Y3: Aug | Z3: Aug | AA3: Aug | AB3: Aug | AC3: Aug | AD3: Aug | AE3: Aug | AF3: Aug | AG3: Aug | AH3: Absences this month | AJ3: Absence type | AK3: Code | AL3: Deduction
C4: 1 | D4: 2 | E4: 3 | F4: 4 | G4: 5 | H4: 6 | I4: 7 | J4: 8 | K4: 9 | L4: 10 | M4: 11 | N4: 12 | O4: 13 | P4: 14 | Q4: 15 | R4: 16 | S4: 17 | T4: 18 | U4: 19 | V4: 20 | W4: 21 | X4: 22 | Y4: 23 | Z4: 24 | AA4: 25 | AB4: 26 | AC4: 27 | AD4: 28 | AE4: 29 | AF4: 30 | AG4: 31
C5: Sat | D5: Sun | E5: Mon | F5: Tue | G5: Wed | H5: Thu | I5: Fri | J5: Sat | K5: Sun | L5: Mon | M5: Tue | N5: Wed | O5: Thu | P5: Fri | Q5: Sat | R5: Sun | S5: Mon | T5: Tue | U5: Wed | V5: Thu | W5: Fri | X5: Sat | Y5: Sun | Z5: Mon | AA5: Tue | AB5: Wed | AC5: Thu | AD5: Fri | AE5: Sat | AF5: Sun | AG5: Mon
B6: ='January 2026'!B6 -> Patience Tsikudo | AH6: =(COUNTIF(C6:AG6,"H")*1)+(COUNTIF(C6:AG6,"H1")*0.5)+(COUNTIF(C6:AG6,"H2")*0.5)+(COUNTIF(C6:AG6,"Q")*0.25)+(COUNTIF(C6:AG6,"I")*1)+(COUNTIF(C6:AG6,"S")*0)+(COUNTIF(C6:AG6,"M")*1)+(COUNTIF(C6:AG6,"C")*0)+(COUNTIF(C6:AG6,"V")*1)+(COUNTIF(C6:AG6,"A")*1) -> 0 | AJ6: Holiday | AK6: H | AL6: 1
B7: ='January 2026'!B7 -> Emmanuel Tetteh | AH7: =(COUNTIF(C7:AG7,"H")*1)+(COUNTIF(C7:AG7,"H1")*0.5)+(COUNTIF(C7:AG7,"H2")*0.5)+(COUNTIF(C7:AG7,"Q")*0.25)+(COUNTIF(C7:AG7,"I")*1)+(COUNTIF(C7:AG7,"S")*0)+(COUNTIF(C7:AG7,"M")*1)+(COUNTIF(C7:AG7,"C")*0)+(COUNTIF(C7:AG7,"V")*1)+(COUNTIF(C7:AG7,"A")*1) -> 0 | AJ7: Half Day (morning) | AK7: H1 | AL7: 0.5
B8: ='January 2026'!B8 -> Solomon Sefah | AH8: =(COUNTIF(C8:AG8,"H")*1)+(COUNTIF(C8:AG8,"H1")*0.5)+(COUNTIF(C8:AG8,"H2")*0.5)+(COUNTIF(C8:AG8,"Q")*0.25)+(COUNTIF(C8:AG8,"I")*1)+(COUNTIF(C8:AG8,"S")*0)+(COUNTIF(C8:AG8,"M")*1)+(COUNTIF(C8:AG8,"C")*0)+(COUNTIF(C8:AG8,"V")*1)+(COUNTIF(C8:AG8,"A")*1) -> 0 | AJ8: Half Day (afternoon) | AK8: H2 | AL8: 0.5
B9: ='January 2026'!B9 -> Maame Lankar De Veer | AH9: =(COUNTIF(C9:AG9,"H")*1)+(COUNTIF(C9:AG9,"H1")*0.5)+(COUNTIF(C9:AG9,"H2")*0.5)+(COUNTIF(C9:AG9,"Q")*0.25)+(COUNTIF(C9:AG9,"I")*1)+(COUNTIF(C9:AG9,"S")*0)+(COUNTIF(C9:AG9,"M")*1)+(COUNTIF(C9:AG9,"C")*0)+(COUNTIF(C9:AG9,"V")*1)+(COUNTIF(C9:AG9,"A")*1) -> 0 | AJ9: Quarter day | AK9: Q | AL9: 0.25
B10: ='January 2026'!B10 -> Joel Akwesi Opoku | AH10: =(COUNTIF(C10:AG10,"H")*1)+(COUNTIF(C10:AG10,"H1")*0.5)+(COUNTIF(C10:AG10,"H2")*0.5)+(COUNTIF(C10:AG10,"Q")*0.25)+(COUNTIF(C10:AG10,"I")*1)+(COUNTIF(C10:AG10,"S")*0)+(COUNTIF(C10:AG10,"M")*1)+(COUNTIF(C10:AG10,"C")*0)+(COUNTIF(C10:AG10,"V")*1)+(COUNTIF(C10:AG10,"A")*1) -> 0 | AJ10: Inactive | AK10: I | AL10: 1
B11: ='January 2026'!B11 -> Samuel Napaa | AH11: =(COUNTIF(C11:AG11,"H")*1)+(COUNTIF(C11:AG11,"H1")*0.5)+(COUNTIF(C11:AG11,"H2")*0.5)+(COUNTIF(C11:AG11,"Q")*0.25)+(COUNTIF(C11:AG11,"I")*1)+(COUNTIF(C11:AG11,"S")*0)+(COUNTIF(C11:AG11,"M")*1)+(COUNTIF(C11:AG11,"C")*0)+(COUNTIF(C11:AG11,"V")*1)+(COUNTIF(C11:AG11,"A")*1) -> 0 | AJ11: Sickness | AK11: S | AL11: 0
B12: ='January 2026'!B12 -> Cyril Elorm Dzamaklu | AH12: =(COUNTIF(C12:AG12,"H")*1)+(COUNTIF(C12:AG12,"H1")*0.5)+(COUNTIF(C12:AG12,"H2")*0.5)+(COUNTIF(C12:AG12,"Q")*0.25)+(COUNTIF(C12:AG12,"I")*1)+(COUNTIF(C12:AG12,"S")*0)+(COUNTIF(C12:AG12,"M")*1)+(COUNTIF(C12:AG12,"C")*0)+(COUNTIF(C12:AG12,"V")*1)+(COUNTIF(C12:AG12,"A")*1) -> 0 | AJ12: Maternity/Paternity | AK12: M | AL12: 1
B13: ='January 2026'!B13 -> Edwin Sedem Lawuiekpor | AH13: =(COUNTIF(C13:AG13,"H")*1)+(COUNTIF(C13:AG13,"H1")*0.5)+(COUNTIF(C13:AG13,"H2")*0.5)+(COUNTIF(C13:AG13,"Q")*0.25)+(COUNTIF(C13:AG13,"I")*1)+(COUNTIF(C13:AG13,"S")*0)+(COUNTIF(C13:AG13,"M")*1)+(COUNTIF(C13:AG13,"C")*0)+(COUNTIF(C13:AG13,"V")*1)+(COUNTIF(C13:AG13,"A")*1) -> 0 | AJ13: Compassionate | AK13: C | AL13: 0
B14: ='January 2026'!B14 -> Emmanuel Quansah | AH14: =(COUNTIF(C14:AG14,"H")*1)+(COUNTIF(C14:AG14,"H1")*0.5)+(COUNTIF(C14:AG14,"H2")*0.5)+(COUNTIF(C14:AG14,"Q")*0.25)+(COUNTIF(C14:AG14,"I")*1)+(COUNTIF(C14:AG14,"S")*0)+(COUNTIF(C14:AG14,"M")*1)+(COUNTIF(C14:AG14,"C")*0)+(COUNTIF(C14:AG14,"V")*1)+(COUNTIF(C14:AG14,"A")*1) -> 0 | AJ14: Vacation | AK14: V | AL14: 1
B15: ='January 2026'!B15 -> Ben Oni Dankyi Ofosu | AH15: =(COUNTIF(C15:AG15,"H")*1)+(COUNTIF(C15:AG15,"H1")*0.5)+(COUNTIF(C15:AG15,"H2")*0.5)+(COUNTIF(C15:AG15,"Q")*0.25)+(COUNTIF(C15:AG15,"I")*1)+(COUNTIF(C15:AG15,"S")*0)+(COUNTIF(C15:AG15,"M")*1)+(COUNTIF(C15:AG15,"C")*0)+(COUNTIF(C15:AG15,"V")*1)+(COUNTIF(C15:AG15,"A")*1) -> 0 | AJ15: Absent/No Show | AK15: A | AL15: 1
B16: ='January 2026'!B16 -> Wahab Amoako Domson | AH16: =(COUNTIF(C16:AG16,"H")*1)+(COUNTIF(C16:AG16,"H1")*0.5)+(COUNTIF(C16:AG16,"H2")*0.5)+(COUNTIF(C16:AG16,"Q")*0.25)+(COUNTIF(C16:AG16,"I")*1)+(COUNTIF(C16:AG16,"S")*0)+(COUNTIF(C16:AG16,"M")*1)+(COUNTIF(C16:AG16,"C")*0)+(COUNTIF(C16:AG16,"V")*1)+(COUNTIF(C16:AG16,"A")*1) -> 0
B17: ='January 2026'!B17 -> Emmanuel Quarshie | AH17: =(COUNTIF(C17:AG17,"H")*1)+(COUNTIF(C17:AG17,"H1")*0.5)+(COUNTIF(C17:AG17,"H2")*0.5)+(COUNTIF(C17:AG17,"Q")*0.25)+(COUNTIF(C17:AG17,"I")*1)+(COUNTIF(C17:AG17,"S")*0)+(COUNTIF(C17:AG17,"M")*1)+(COUNTIF(C17:AG17,"C")*0)+(COUNTIF(C17:AG17,"V")*1)+(COUNTIF(C17:AG17,"A")*1) -> 0
B18: ='January 2026'!B18 -> Ethel Prempeh | AH18: =(COUNTIF(C18:AG18,"H")*1)+(COUNTIF(C18:AG18,"H1")*0.5)+(COUNTIF(C18:AG18,"H2")*0.5)+(COUNTIF(C18:AG18,"Q")*0.25)+(COUNTIF(C18:AG18,"I")*1)+(COUNTIF(C18:AG18,"S")*0)+(COUNTIF(C18:AG18,"M")*1)+(COUNTIF(C18:AG18,"C")*0)+(COUNTIF(C18:AG18,"V")*1)+(COUNTIF(C18:AG18,"A")*1) -> 0
B19: ='January 2026'!B19 -> Isaac Appiah | AH19: =(COUNTIF(C19:AG19,"H")*1)+(COUNTIF(C19:AG19,"H1")*0.5)+(COUNTIF(C19:AG19,"H2")*0.5)+(COUNTIF(C19:AG19,"Q")*0.25)+(COUNTIF(C19:AG19,"I")*1)+(COUNTIF(C19:AG19,"S")*0)+(COUNTIF(C19:AG19,"M")*1)+(COUNTIF(C19:AG19,"C")*0)+(COUNTIF(C19:AG19,"V")*1)+(COUNTIF(C19:AG19,"A")*1) -> 0
B20: Gerald Agyapong | AH20: =(COUNTIF(C20:AG20,"H")*1)+(COUNTIF(C20:AG20,"H1")*0.5)+(COUNTIF(C20:AG20,"H2")*0.5)+(COUNTIF(C20:AG20,"Q")*0.25)+(COUNTIF(C20:AG20,"I")*1)+(COUNTIF(C20:AG20,"S")*0)+(COUNTIF(C20:AG20,"M")*1)+(COUNTIF(C20:AG20,"C")*0)+(COUNTIF(C20:AG20,"V")*1)+(COUNTIF(C20:AG20,"A")*1) -> 0
B21: ='January 2026'!B21 -> 0 | AH21: =(COUNTIF(C21:AG21,"H")*1)+(COUNTIF(C21:AG21,"H1")*0.5)+(COUNTIF(C21:AG21,"H2")*0.5)+(COUNTIF(C21:AG21,"Q")*0.25)+(COUNTIF(C21:AG21,"I")*1)+(COUNTIF(C21:AG21,"S")*0)+(COUNTIF(C21:AG21,"M")*1)+(COUNTIF(C21:AG21,"C")*0)+(COUNTIF(C21:AG21,"V")*1)+(COUNTIF(C21:AG21,"A")*1) -> 0
B22: ='January 2026'!B22 -> 0 | AH22: =(COUNTIF(C22:AG22,"H")*1)+(COUNTIF(C22:AG22,"H1")*0.5)+(COUNTIF(C22:AG22,"H2")*0.5)+(COUNTIF(C22:AG22,"Q")*0.25)+(COUNTIF(C22:AG22,"I")*1)+(COUNTIF(C22:AG22,"S")*0)+(COUNTIF(C22:AG22,"M")*1)+(COUNTIF(C22:AG22,"C")*0)+(COUNTIF(C22:AG22,"V")*1)+(COUNTIF(C22:AG22,"A")*1) -> 0
B23: ='January 2026'!B23 -> 0 | AH23: =(COUNTIF(C23:AG23,"H")*1)+(COUNTIF(C23:AG23,"H1")*0.5)+(COUNTIF(C23:AG23,"H2")*0.5)+(COUNTIF(C23:AG23,"Q")*0.25)+(COUNTIF(C23:AG23,"I")*1)+(COUNTIF(C23:AG23,"S")*0)+(COUNTIF(C23:AG23,"M")*1)+(COUNTIF(C23:AG23,"C")*0)+(COUNTIF(C23:AG23,"V")*1)+(COUNTIF(C23:AG23,"A")*1) -> 0
B24: ='January 2026'!B24 -> 0 | AH24: =(COUNTIF(C24:AG24,"H")*1)+(COUNTIF(C24:AG24,"H1")*0.5)+(COUNTIF(C24:AG24,"H2")*0.5)+(COUNTIF(C24:AG24,"Q")*0.25)+(COUNTIF(C24:AG24,"I")*1)+(COUNTIF(C24:AG24,"S")*0)+(COUNTIF(C24:AG24,"M")*1)+(COUNTIF(C24:AG24,"C")*0)+(COUNTIF(C24:AG24,"V")*1)+(COUNTIF(C24:AG24,"A")*1) -> 0
B25: ='January 2026'!B25 -> 0 | AH25: =(COUNTIF(C25:AG25,"H")*1)+(COUNTIF(C25:AG25,"H1")*0.5)+(COUNTIF(C25:AG25,"H2")*0.5)+(COUNTIF(C25:AG25,"Q")*0.25)+(COUNTIF(C25:AG25,"I")*1)+(COUNTIF(C25:AG25,"S")*0)+(COUNTIF(C25:AG25,"M")*1)+(COUNTIF(C25:AG25,"C")*0)+(COUNTIF(C25:AG25,"V")*1)+(COUNTIF(C25:AG25,"A")*1) -> 0
B26: ='January 2026'!B26 -> 0 | AH26: =(COUNTIF(C26:AG26,"H")*1)+(COUNTIF(C26:AG26,"H1")*0.5)+(COUNTIF(C26:AG26,"H2")*0.5)+(COUNTIF(C26:AG26,"Q")*0.25)+(COUNTIF(C26:AG26,"I")*1)+(COUNTIF(C26:AG26,"S")*0)+(COUNTIF(C26:AG26,"M")*1)+(COUNTIF(C26:AG26,"C")*0)+(COUNTIF(C26:AG26,"V")*1)+(COUNTIF(C26:AG26,"A")*1) -> 0
B27: ='January 2026'!B27 -> 0 | AH27: =(COUNTIF(C27:AG27,"H")*1)+(COUNTIF(C27:AG27,"H1")*0.5)+(COUNTIF(C27:AG27,"H2")*0.5)+(COUNTIF(C27:AG27,"Q")*0.25)+(COUNTIF(C27:AG27,"I")*1)+(COUNTIF(C27:AG27,"S")*0)+(COUNTIF(C27:AG27,"M")*1)+(COUNTIF(C27:AG27,"C")*0)+(COUNTIF(C27:AG27,"V")*1)+(COUNTIF(C27:AG27,"A")*1) -> 0
B28: ='January 2026'!B28 -> 0 | AH28: =(COUNTIF(C28:AG28,"H")*1)+(COUNTIF(C28:AG28,"H1")*0.5)+(COUNTIF(C28:AG28,"H2")*0.5)+(COUNTIF(C28:AG28,"Q")*0.25)+(COUNTIF(C28:AG28,"I")*1)+(COUNTIF(C28:AG28,"S")*0)+(COUNTIF(C28:AG28,"M")*1)+(COUNTIF(C28:AG28,"C")*0)+(COUNTIF(C28:AG28,"V")*1)+(COUNTIF(C28:AG28,"A")*1) -> 0
B29: ='January 2026'!B29 -> 0 | AH29: =(COUNTIF(C29:AG29,"H")*1)+(COUNTIF(C29:AG29,"H1")*0.5)+(COUNTIF(C29:AG29,"H2")*0.5)+(COUNTIF(C29:AG29,"Q")*0.25)+(COUNTIF(C29:AG29,"I")*1)+(COUNTIF(C29:AG29,"S")*0)+(COUNTIF(C29:AG29,"M")*1)+(COUNTIF(C29:AG29,"C")*0)+(COUNTIF(C29:AG29,"V")*1)+(COUNTIF(C29:AG29,"A")*1) -> 0
B30: ='January 2026'!B30 -> 0 | AH30: =(COUNTIF(C30:AG30,"H")*1)+(COUNTIF(C30:AG30,"H1")*0.5)+(COUNTIF(C30:AG30,"H2")*0.5)+(COUNTIF(C30:AG30,"Q")*0.25)+(COUNTIF(C30:AG30,"I")*1)+(COUNTIF(C30:AG30,"S")*0)+(COUNTIF(C30:AG30,"M")*1)+(COUNTIF(C30:AG30,"C")*0)+(COUNTIF(C30:AG30,"V")*1)+(COUNTIF(C30:AG30,"A")*1) -> 0
B31: ='January 2026'!B31 -> 0 | AH31: =(COUNTIF(C31:AG31,"H")*1)+(COUNTIF(C31:AG31,"H1")*0.5)+(COUNTIF(C31:AG31,"H2")*0.5)+(COUNTIF(C31:AG31,"Q")*0.25)+(COUNTIF(C31:AG31,"I")*1)+(COUNTIF(C31:AG31,"S")*0)+(COUNTIF(C31:AG31,"M")*1)+(COUNTIF(C31:AG31,"C")*0)+(COUNTIF(C31:AG31,"V")*1)+(COUNTIF(C31:AG31,"A")*1) -> 0
B32: ='January 2026'!B32 -> 0 | AH32: =(COUNTIF(C32:AG32,"H")*1)+(COUNTIF(C32:AG32,"H1")*0.5)+(COUNTIF(C32:AG32,"H2")*0.5)+(COUNTIF(C32:AG32,"Q")*0.25)+(COUNTIF(C32:AG32,"I")*1)+(COUNTIF(C32:AG32,"S")*0)+(COUNTIF(C32:AG32,"M")*1)+(COUNTIF(C32:AG32,"C")*0)+(COUNTIF(C32:AG32,"V")*1)+(COUNTIF(C32:AG32,"A")*1) -> 0
... B55: ='January 2026'!B55 -> 0 | AH55: =(COUNTIF(C55:AG55,"H")*1)+(COUNTIF(C55:AG55,"H1")*0.5)+(COUNTIF(C55:AG55,"H2")*0.5)+(COUNTIF(C55:AG55,"Q")*0.25)+(COUNTIF(C55:AG55,"I")*1)+(COUNTIF(C55:AG55,"S")*0)+(COUNTIF(C55:AG55,"M")*1)+(COUNTIF(C55:AG55,"C")*0)+(COUNTIF(C55:AG55,"V")*1)+(COUNTIF(C55:AG55,"A")*1) -> 0
B57: With our holiday planner system, employees can view their team's booked leave and coordinate their holidays better.
B58: https://absentia.io/staff-holiday-booking-system

Sheet September 2026
C1: 2026
C2: Week 36 | I2: Week 37 | P2: Week 38 | W2: Week 39 | AD2: Week 40
C3: Sep | D3: Sep | E3: Sep | F3: Sep | G3: Sep | H3: Sep | I3: Sep | J3: Sep | K3: Sep | L3: Sep | M3: Sep | N3: Sep | O3: Sep | P3: Sep | Q3: Sep | R3: Sep | S3: Sep | T3: Sep | U3: Sep | V3: Sep | W3: Sep | X3: Sep | Y3: Sep | Z3: Sep | AA3: Sep | AB3: Sep | AC3: Sep | AD3: Sep | AE3: Sep | AF3: Sep | AG3: Absences this month | AI3: Absence type | AJ3: Code | AK3: Deduction
C4: 1 | D4: 2 | E4: 3 | F4: 4 | G4: 5 | H4: 6 | I4: 7 | J4: 8 | K4: 9 | L4: 10 | M4: 11 | N4: 12 | O4: 13 | P4: 14 | Q4: 15 | R4: 16 | S4: 17 | T4: 18 | U4: 19 | V4: 20 | W4: 21 | X4: 22 | Y4: 23 | Z4: 24 | AA4: 25 | AB4: 26 | AC4: 27 | AD4: 28 | AE4: 29 | AF4: 30
C5: Tue | D5: Wed | E5: Thu | F5: Fri | G5: Sat | H5: Sun | I5: Mon | J5: Tue | K5: Wed | L5: Thu | M5: Fri | N5: Sat | O5: Sun | P5: Mon | Q5: Tue | R5: Wed | S5: Thu | T5: Fri | U5: Sat | V5: Sun | W5: Mon | X5: Tue | Y5: Wed | Z5: Thu | AA5: Fri | AB5: Sat | AC5: Sun | AD5: Mon | AE5: Tue | AF5: Wed
B6: ='January 2026'!B6 -> Patience Tsikudo | W6: H | AG6: =(COUNTIF(C6:AF6,"H")*1)+(COUNTIF(C6:AF6,"H1")*0.5)+(COUNTIF(C6:AF6,"H2")*0.5)+(COUNTIF(C6:AF6,"Q")*0.25)+(COUNTIF(C6:AF6,"I")*1)+(COUNTIF(C6:AF6,"S")*0)+(COUNTIF(C6:AF6,"M")*1)+(COUNTIF(C6:AF6,"C")*0)+(COUNTIF(C6:AF6,"V")*1)+(COUNTIF(C6:AF6,"A")*1) -> 1 | AI6: Holiday | AJ6: H | AK6: 1
B7: ='January 2026'!B7 -> Emmanuel Tetteh | W7: H | AG7: =(COUNTIF(C7:AF7,"H")*1)+(COUNTIF(C7:AF7,"H1")*0.5)+(COUNTIF(C7:AF7,"H2")*0.5)+(COUNTIF(C7:AF7,"Q")*0.25)+(COUNTIF(C7:AF7,"I")*1)+(COUNTIF(C7:AF7,"S")*0)+(COUNTIF(C7:AF7,"M")*1)+(COUNTIF(C7:AF7,"C")*0)+(COUNTIF(C7:AF7,"V")*1)+(COUNTIF(C7:AF7,"A")*1) -> 1 | AI7: Half Day (morning) | AJ7: H1 | AK7: 0.5
B8: ='January 2026'!B8 -> Solomon Sefah | W8: H | AG8: =(COUNTIF(C8:AF8,"H")*1)+(COUNTIF(C8:AF8,"H1")*0.5)+(COUNTIF(C8:AF8,"H2")*0.5)+(COUNTIF(C8:AF8,"Q")*0.25)+(COUNTIF(C8:AF8,"I")*1)+(COUNTIF(C8:AF8,"S")*0)+(COUNTIF(C8:AF8,"M")*1)+(COUNTIF(C8:AF8,"C")*0)+(COUNTIF(C8:AF8,"V")*1)+(COUNTIF(C8:AF8,"A")*1) -> 1 | AI8: Half Day (afternoon) | AJ8: H2 | AK8: 0.5
B9: ='January 2026'!B9 -> Maame Lankar De Veer | W9: H | AG9: =(COUNTIF(C9:AF9,"H")*1)+(COUNTIF(C9:AF9,"H1")*0.5)+(COUNTIF(C9:AF9,"H2")*0.5)+(COUNTIF(C9:AF9,"Q")*0.25)+(COUNTIF(C9:AF9,"I")*1)+(COUNTIF(C9:AF9,"S")*0)+(COUNTIF(C9:AF9,"M")*1)+(COUNTIF(C9:AF9,"C")*0)+(COUNTIF(C9:AF9,"V")*1)+(COUNTIF(C9:AF9,"A")*1) -> 1 | AI9: Quarter day | AJ9: Q | AK9: 0.25
B10: ='January 2026'!B10 -> Joel Akwesi Opoku | W10: H | AG10: =(COUNTIF(C10:AF10,"H")*1)+(COUNTIF(C10:AF10,"H1")*0.5)+(COUNTIF(C10:AF10,"H2")*0.5)+(COUNTIF(C10:AF10,"Q")*0.25)+(COUNTIF(C10:AF10,"I")*1)+(COUNTIF(C10:AF10,"S")*0)+(COUNTIF(C10:AF10,"M")*1)+(COUNTIF(C10:AF10,"C")*0)+(COUNTIF(C10:AF10,"V")*1)+(COUNTIF(C10:AF10,"A")*1) -> 1 | AI10: Inactive | AJ10: I | AK10: 1
B11: ='January 2026'!B11 -> Samuel Napaa | W11: H | AG11: =(COUNTIF(C11:AF11,"H")*1)+(COUNTIF(C11:AF11,"H1")*0.5)+(COUNTIF(C11:AF11,"H2")*0.5)+(COUNTIF(C11:AF11,"Q")*0.25)+(COUNTIF(C11:AF11,"I")*1)+(COUNTIF(C11:AF11,"S")*0)+(COUNTIF(C11:AF11,"M")*1)+(COUNTIF(C11:AF11,"C")*0)+(COUNTIF(C11:AF11,"V")*1)+(COUNTIF(C11:AF11,"A")*1) -> 1 | AI11: Sickness | AJ11: S | AK11: 0
B12: ='January 2026'!B12 -> Cyril Elorm Dzamaklu | W12: H | AG12: =(COUNTIF(C12:AF12,"H")*1)+(COUNTIF(C12:AF12,"H1")*0.5)+(COUNTIF(C12:AF12,"H2")*0.5)+(COUNTIF(C12:AF12,"Q")*0.25)+(COUNTIF(C12:AF12,"I")*1)+(COUNTIF(C12:AF12,"S")*0)+(COUNTIF(C12:AF12,"M")*1)+(COUNTIF(C12:AF12,"C")*0)+(COUNTIF(C12:AF12,"V")*1)+(COUNTIF(C12:AF12,"A")*1) -> 1 | AI12: Maternity/Paternity | AJ12: M | AK12: 1
B13: ='January 2026'!B13 -> Edwin Sedem Lawuiekpor | W13: H | AG13: =(COUNTIF(C13:AF13,"H")*1)+(COUNTIF(C13:AF13,"H1")*0.5)+(COUNTIF(C13:AF13,"H2")*0.5)+(COUNTIF(C13:AF13,"Q")*0.25)+(COUNTIF(C13:AF13,"I")*1)+(COUNTIF(C13:AF13,"S")*0)+(COUNTIF(C13:AF13,"M")*1)+(COUNTIF(C13:AF13,"C")*0)+(COUNTIF(C13:AF13,"V")*1)+(COUNTIF(C13:AF13,"A")*1) -> 1 | AI13: Compassionate | AJ13: C | AK13: 0
B14: ='January 2026'!B14 -> Emmanuel Quansah | W14: H | AG14: =(COUNTIF(C14:AF14,"H")*1)+(COUNTIF(C14:AF14,"H1")*0.5)+(COUNTIF(C14:AF14,"H2")*0.5)+(COUNTIF(C14:AF14,"Q")*0.25)+(COUNTIF(C14:AF14,"I")*1)+(COUNTIF(C14:AF14,"S")*0)+(COUNTIF(C14:AF14,"M")*1)+(COUNTIF(C14:AF14,"C")*0)+(COUNTIF(C14:AF14,"V")*1)+(COUNTIF(C14:AF14,"A")*1) -> 1 | AI14: Vacation | AJ14: V | AK14: 1
B15: ='January 2026'!B15 -> Ben Oni Dankyi Ofosu | W15: H | AG15: =(COUNTIF(C15:AF15,"H")*1)+(COUNTIF(C15:AF15,"H1")*0.5)+(COUNTIF(C15:AF15,"H2")*0.5)+(COUNTIF(C15:AF15,"Q")*0.25)+(COUNTIF(C15:AF15,"I")*1)+(COUNTIF(C15:AF15,"S")*0)+(COUNTIF(C15:AF15,"M")*1)+(COUNTIF(C15:AF15,"C")*0)+(COUNTIF(C15:AF15,"V")*1)+(COUNTIF(C15:AF15,"A")*1) -> 1 | AI15: Absent/No Show | AJ15: A | AK15: 1
B16: ='January 2026'!B16 -> Wahab Amoako Domson | W16: H | AG16: =(COUNTIF(C16:AF16,"H")*1)+(COUNTIF(C16:AF16,"H1")*0.5)+(COUNTIF(C16:AF16,"H2")*0.5)+(COUNTIF(C16:AF16,"Q")*0.25)+(COUNTIF(C16:AF16,"I")*1)+(COUNTIF(C16:AF16,"S")*0)+(COUNTIF(C16:AF16,"M")*1)+(COUNTIF(C16:AF16,"C")*0)+(COUNTIF(C16:AF16,"V")*1)+(COUNTIF(C16:AF16,"A")*1) -> 1
B17: ='January 2026'!B17 -> Emmanuel Quarshie | W17: H | AG17: =(COUNTIF(C17:AF17,"H")*1)+(COUNTIF(C17:AF17,"H1")*0.5)+(COUNTIF(C17:AF17,"H2")*0.5)+(COUNTIF(C17:AF17,"Q")*0.25)+(COUNTIF(C17:AF17,"I")*1)+(COUNTIF(C17:AF17,"S")*0)+(COUNTIF(C17:AF17,"M")*1)+(COUNTIF(C17:AF17,"C")*0)+(COUNTIF(C17:AF17,"V")*1)+(COUNTIF(C17:AF17,"A")*1) -> 1
B18: ='January 2026'!B18 -> Ethel Prempeh | W18: H | AG18: =(COUNTIF(C18:AF18,"H")*1)+(COUNTIF(C18:AF18,"H1")*0.5)+(COUNTIF(C18:AF18,"H2")*0.5)+(COUNTIF(C18:AF18,"Q")*0.25)+(COUNTIF(C18:AF18,"I")*1)+(COUNTIF(C18:AF18,"S")*0)+(COUNTIF(C18:AF18,"M")*1)+(COUNTIF(C18:AF18,"C")*0)+(COUNTIF(C18:AF18,"V")*1)+(COUNTIF(C18:AF18,"A")*1) -> 1
B19: ='January 2026'!B19 -> Isaac Appiah | W19: H | AG19: =(COUNTIF(C19:AF19,"H")*1)+(COUNTIF(C19:AF19,"H1")*0.5)+(COUNTIF(C19:AF19,"H2")*0.5)+(COUNTIF(C19:AF19,"Q")*0.25)+(COUNTIF(C19:AF19,"I")*1)+(COUNTIF(C19:AF19,"S")*0)+(COUNTIF(C19:AF19,"M")*1)+(COUNTIF(C19:AF19,"C")*0)+(COUNTIF(C19:AF19,"V")*1)+(COUNTIF(C19:AF19,"A")*1) -> 1
B20: Gerald Agyapong | W20: H | AG20: =(COUNTIF(C20:AF20,"H")*1)+(COUNTIF(C20:AF20,"H1")*0.5)+(COUNTIF(C20:AF20,"H2")*0.5)+(COUNTIF(C20:AF20,"Q")*0.25)+(COUNTIF(C20:AF20,"I")*1)+(COUNTIF(C20:AF20,"S")*0)+(COUNTIF(C20:AF20,"M")*1)+(COUNTIF(C20:AF20,"C")*0)+(COUNTIF(C20:AF20,"V")*1)+(COUNTIF(C20:AF20,"A")*1) -> 1
B21: ='January 2026'!B21 -> 0 | AG21: =(COUNTIF(C21:AF21,"H")*1)+(COUNTIF(C21:AF21,"H1")*0.5)+(COUNTIF(C21:AF21,"H2")*0.5)+(COUNTIF(C21:AF21,"Q")*0.25)+(COUNTIF(C21:AF21,"I")*1)+(COUNTIF(C21:AF21,"S")*0)+(COUNTIF(C21:AF21,"M")*1)+(COUNTIF(C21:AF21,"C")*0)+(COUNTIF(C21:AF21,"V")*1)+(COUNTIF(C21:AF21,"A")*1) -> 0
B22: ='January 2026'!B22 -> 0 | AG22: =(COUNTIF(C22:AF22,"H")*1)+(COUNTIF(C22:AF22,"H1")*0.5)+(COUNTIF(C22:AF22,"H2")*0.5)+(COUNTIF(C22:AF22,"Q")*0.25)+(COUNTIF(C22:AF22,"I")*1)+(COUNTIF(C22:AF22,"S")*0)+(COUNTIF(C22:AF22,"M")*1)+(COUNTIF(C22:AF22,"C")*0)+(COUNTIF(C22:AF22,"V")*1)+(COUNTIF(C22:AF22,"A")*1) -> 0
B23: ='January 2026'!B23 -> 0 | AG23: =(COUNTIF(C23:AF23,"H")*1)+(COUNTIF(C23:AF23,"H1")*0.5)+(COUNTIF(C23:AF23,"H2")*0.5)+(COUNTIF(C23:AF23,"Q")*0.25)+(COUNTIF(C23:AF23,"I")*1)+(COUNTIF(C23:AF23,"S")*0)+(COUNTIF(C23:AF23,"M")*1)+(COUNTIF(C23:AF23,"C")*0)+(COUNTIF(C23:AF23,"V")*1)+(COUNTIF(C23:AF23,"A")*1) -> 0
B24: ='January 2026'!B24 -> 0 | AG24: =(COUNTIF(C24:AF24,"H")*1)+(COUNTIF(C24:AF24,"H1")*0.5)+(COUNTIF(C24:AF24,"H2")*0.5)+(COUNTIF(C24:AF24,"Q")*0.25)+(COUNTIF(C24:AF24,"I")*1)+(COUNTIF(C24:AF24,"S")*0)+(COUNTIF(C24:AF24,"M")*1)+(COUNTIF(C24:AF24,"C")*0)+(COUNTIF(C24:AF24,"V")*1)+(COUNTIF(C24:AF24,"A")*1) -> 0
B25: ='January 2026'!B25 -> 0 | AG25: =(COUNTIF(C25:AF25,"H")*1)+(COUNTIF(C25:AF25,"H1")*0.5)+(COUNTIF(C25:AF25,"H2")*0.5)+(COUNTIF(C25:AF25,"Q")*0.25)+(COUNTIF(C25:AF25,"I")*1)+(COUNTIF(C25:AF25,"S")*0)+(COUNTIF(C25:AF25,"M")*1)+(COUNTIF(C25:AF25,"C")*0)+(COUNTIF(C25:AF25,"V")*1)+(COUNTIF(C25:AF25,"A")*1) -> 0
B26: ='January 2026'!B26 -> 0 | AG26: =(COUNTIF(C26:AF26,"H")*1)+(COUNTIF(C26:AF26,"H1")*0.5)+(COUNTIF(C26:AF26,"H2")*0.5)+(COUNTIF(C26:AF26,"Q")*0.25)+(COUNTIF(C26:AF26,"I")*1)+(COUNTIF(C26:AF26,"S")*0)+(COUNTIF(C26:AF26,"M")*1)+(COUNTIF(C26:AF26,"C")*0)+(COUNTIF(C26:AF26,"V")*1)+(COUNTIF(C26:AF26,"A")*1) -> 0
B27: ='January 2026'!B27 -> 0 | AG27: =(COUNTIF(C27:AF27,"H")*1)+(COUNTIF(C27:AF27,"H1")*0.5)+(COUNTIF(C27:AF27,"H2")*0.5)+(COUNTIF(C27:AF27,"Q")*0.25)+(COUNTIF(C27:AF27,"I")*1)+(COUNTIF(C27:AF27,"S")*0)+(COUNTIF(C27:AF27,"M")*1)+(COUNTIF(C27:AF27,"C")*0)+(COUNTIF(C27:AF27,"V")*1)+(COUNTIF(C27:AF27,"A")*1) -> 0
B28: ='January 2026'!B28 -> 0 | AG28: =(COUNTIF(C28:AF28,"H")*1)+(COUNTIF(C28:AF28,"H1")*0.5)+(COUNTIF(C28:AF28,"H2")*0.5)+(COUNTIF(C28:AF28,"Q")*0.25)+(COUNTIF(C28:AF28,"I")*1)+(COUNTIF(C28:AF28,"S")*0)+(COUNTIF(C28:AF28,"M")*1)+(COUNTIF(C28:AF28,"C")*0)+(COUNTIF(C28:AF28,"V")*1)+(COUNTIF(C28:AF28,"A")*1) -> 0
B29: ='January 2026'!B29 -> 0 | AG29: =(COUNTIF(C29:AF29,"H")*1)+(COUNTIF(C29:AF29,"H1")*0.5)+(COUNTIF(C29:AF29,"H2")*0.5)+(COUNTIF(C29:AF29,"Q")*0.25)+(COUNTIF(C29:AF29,"I")*1)+(COUNTIF(C29:AF29,"S")*0)+(COUNTIF(C29:AF29,"M")*1)+(COUNTIF(C29:AF29,"C")*0)+(COUNTIF(C29:AF29,"V")*1)+(COUNTIF(C29:AF29,"A")*1) -> 0
B30: ='January 2026'!B30 -> 0 | AG30: =(COUNTIF(C30:AF30,"H")*1)+(COUNTIF(C30:AF30,"H1")*0.5)+(COUNTIF(C30:AF30,"H2")*0.5)+(COUNTIF(C30:AF30,"Q")*0.25)+(COUNTIF(C30:AF30,"I")*1)+(COUNTIF(C30:AF30,"S")*0)+(COUNTIF(C30:AF30,"M")*1)+(COUNTIF(C30:AF30,"C")*0)+(COUNTIF(C30:AF30,"V")*1)+(COUNTIF(C30:AF30,"A")*1) -> 0
B31: ='January 2026'!B31 -> 0 | AG31: =(COUNTIF(C31:AF31,"H")*1)+(COUNTIF(C31:AF31,"H1")*0.5)+(COUNTIF(C31:AF31,"H2")*0.5)+(COUNTIF(C31:AF31,"Q")*0.25)+(COUNTIF(C31:AF31,"I")*1)+(COUNTIF(C31:AF31,"S")*0)+(COUNTIF(C31:AF31,"M")*1)+(COUNTIF(C31:AF31,"C")*0)+(COUNTIF(C31:AF31,"V")*1)+(COUNTIF(C31:AF31,"A")*1) -> 0
B32: ='January 2026'!B32 -> 0 | AG32: =(COUNTIF(C32:AF32,"H")*1)+(COUNTIF(C32:AF32,"H1")*0.5)+(COUNTIF(C32:AF32,"H2")*0.5)+(COUNTIF(C32:AF32,"Q")*0.25)+(COUNTIF(C32:AF32,"I")*1)+(COUNTIF(C32:AF32,"S")*0)+(COUNTIF(C32:AF32,"M")*1)+(COUNTIF(C32:AF32,"C")*0)+(COUNTIF(C32:AF32,"V")*1)+(COUNTIF(C32:AF32,"A")*1) -> 0
... B55: ='January 2026'!B55 -> 0 | AG55: =(COUNTIF(C55:AF55,"H")*1)+(COUNTIF(C55:AF55,"H1")*0.5)+(COUNTIF(C55:AF55,"H2")*0.5)+(COUNTIF(C55:AF55,"Q")*0.25)+(COUNTIF(C55:AF55,"I")*1)+(COUNTIF(C55:AF55,"S")*0)+(COUNTIF(C55:AF55,"M")*1)+(COUNTIF(C55:AF55,"C")*0)+(COUNTIF(C55:AF55,"V")*1)+(COUNTIF(C55:AF55,"A")*1) -> 0
B57: Complex annual leave setup? Our online system auto calculates accrual, carry over, and custom leave years per employee.
B58: https://absentia.io/staff-holiday-booking-system

Sheet October 2026
C1: 2026
C2: Week 40 | G2: Week 41 | N2: Week 42 | U2: Week 43 | AB2: Week 44
C3: Oct | D3: Oct | E3: Oct | F3: Oct | G3: Oct | H3: Oct | I3: Oct | J3: Oct | K3: Oct | L3: Oct | M3: Oct | N3: Oct | O3: Oct | P3: Oct | Q3: Oct | R3: Oct | S3: Oct | T3: Oct | U3: Oct | V3: Oct | W3: Oct | X3: Oct | Y3: Oct | Z3: Oct | AA3: Oct | AB3: Oct | AC3: Oct | AD3: Oct | AE3: Oct | AF3: Oct | AG3: Oct | AH3: Absences this month | AJ3: Absence type | AK3: Code | AL3: Deduction
C4: 1 | D4: 2 | E4: 3 | F4: 4 | G4: 5 | H4: 6 | I4: 7 | J4: 8 | K4: 9 | L4: 10 | M4: 11 | N4: 12 | O4: 13 | P4: 14 | Q4: 15 | R4: 16 | S4: 17 | T4: 18 | U4: 19 | V4: 20 | W4: 21 | X4: 22 | Y4: 23 | Z4: 24 | AA4: 25 | AB4: 26 | AC4: 27 | AD4: 28 | AE4: 29 | AF4: 30 | AG4: 31
C5: Thu | D5: Fri | E5: Sat | F5: Sun | G5: Mon | H5: Tue | I5: Wed | J5: Thu | K5: Fri | L5: Sat | M5: Sun | N5: Mon | O5: Tue | P5: Wed | Q5: Thu | R5: Fri | S5: Sat | T5: Sun | U5: Mon | V5: Tue | W5: Wed | X5: Thu | Y5: Fri | Z5: Sat | AA5: Sun | AB5: Mon | AC5: Tue | AD5: Wed | AE5: Thu | AF5: Fri | AG5: Sat
B6: ='January 2026'!B6 -> Patience Tsikudo | AH6: =(COUNTIF(C6:AG6,"H")*1)+(COUNTIF(C6:AG6,"H1")*0.5)+(COUNTIF(C6:AG6,"H2")*0.5)+(COUNTIF(C6:AG6,"Q")*0.25)+(COUNTIF(C6:AG6,"I")*1)+(COUNTIF(C6:AG6,"S")*0)+(COUNTIF(C6:AG6,"M")*1)+(COUNTIF(C6:AG6,"C")*0)+(COUNTIF(C6:AG6,"V")*1)+(COUNTIF(C6:AG6,"A")*1) -> 0 | AJ6: Holiday | AK6: H | AL6: 1
B7: ='January 2026'!B7 -> Emmanuel Tetteh | AH7: =(COUNTIF(C7:AG7,"H")*1)+(COUNTIF(C7:AG7,"H1")*0.5)+(COUNTIF(C7:AG7,"H2")*0.5)+(COUNTIF(C7:AG7,"Q")*0.25)+(COUNTIF(C7:AG7,"I")*1)+(COUNTIF(C7:AG7,"S")*0)+(COUNTIF(C7:AG7,"M")*1)+(COUNTIF(C7:AG7,"C")*0)+(COUNTIF(C7:AG7,"V")*1)+(COUNTIF(C7:AG7,"A")*1) -> 0 | AJ7: Half Day (morning) | AK7: H1 | AL7: 0.5
B8: ='January 2026'!B8 -> Solomon Sefah | AH8: =(COUNTIF(C8:AG8,"H")*1)+(COUNTIF(C8:AG8,"H1")*0.5)+(COUNTIF(C8:AG8,"H2")*0.5)+(COUNTIF(C8:AG8,"Q")*0.25)+(COUNTIF(C8:AG8,"I")*1)+(COUNTIF(C8:AG8,"S")*0)+(COUNTIF(C8:AG8,"M")*1)+(COUNTIF(C8:AG8,"C")*0)+(COUNTIF(C8:AG8,"V")*1)+(COUNTIF(C8:AG8,"A")*1) -> 0 | AJ8: Half Day (afternoon) | AK8: H2 | AL8: 0.5
B9: ='January 2026'!B9 -> Maame Lankar De Veer | AH9: =(COUNTIF(C9:AG9,"H")*1)+(COUNTIF(C9:AG9,"H1")*0.5)+(COUNTIF(C9:AG9,"H2")*0.5)+(COUNTIF(C9:AG9,"Q")*0.25)+(COUNTIF(C9:AG9,"I")*1)+(COUNTIF(C9:AG9,"S")*0)+(COUNTIF(C9:AG9,"M")*1)+(COUNTIF(C9:AG9,"C")*0)+(COUNTIF(C9:AG9,"V")*1)+(COUNTIF(C9:AG9,"A")*1) -> 0 | AJ9: Quarter day | AK9: Q | AL9: 0.25
B10: ='January 2026'!B10 -> Joel Akwesi Opoku | AH10: =(COUNTIF(C10:AG10,"H")*1)+(COUNTIF(C10:AG10,"H1")*0.5)+(COUNTIF(C10:AG10,"H2")*0.5)+(COUNTIF(C10:AG10,"Q")*0.25)+(COUNTIF(C10:AG10,"I")*1)+(COUNTIF(C10:AG10,"S")*0)+(COUNTIF(C10:AG10,"M")*1)+(COUNTIF(C10:AG10,"C")*0)+(COUNTIF(C10:AG10,"V")*1)+(COUNTIF(C10:AG10,"A")*1) -> 0 | AJ10: Inactive | AK10: I | AL10: 1
B11: ='January 2026'!B11 -> Samuel Napaa | AH11: =(COUNTIF(C11:AG11,"H")*1)+(COUNTIF(C11:AG11,"H1")*0.5)+(COUNTIF(C11:AG11,"H2")*0.5)+(COUNTIF(C11:AG11,"Q")*0.25)+(COUNTIF(C11:AG11,"I")*1)+(COUNTIF(C11:AG11,"S")*0)+(COUNTIF(C11:AG11,"M")*1)+(COUNTIF(C11:AG11,"C")*0)+(COUNTIF(C11:AG11,"V")*1)+(COUNTIF(C11:AG11,"A")*1) -> 0 | AJ11: Sickness | AK11: S | AL11: 0
B12: ='January 2026'!B12 -> Cyril Elorm Dzamaklu | AH12: =(COUNTIF(C12:AG12,"H")*1)+(COUNTIF(C12:AG12,"H1")*0.5)+(COUNTIF(C12:AG12,"H2")*0.5)+(COUNTIF(C12:AG12,"Q")*0.25)+(COUNTIF(C12:AG12,"I")*1)+(COUNTIF(C12:AG12,"S")*0)+(COUNTIF(C12:AG12,"M")*1)+(COUNTIF(C12:AG12,"C")*0)+(COUNTIF(C12:AG12,"V")*1)+(COUNTIF(C12:AG12,"A")*1) -> 0 | AJ12: Maternity/Paternity | AK12: M | AL12: 1
B13: ='January 2026'!B13 -> Edwin Sedem Lawuiekpor | AH13: =(COUNTIF(C13:AG13,"H")*1)+(COUNTIF(C13:AG13,"H1")*0.5)+(COUNTIF(C13:AG13,"H2")*0.5)+(COUNTIF(C13:AG13,"Q")*0.25)+(COUNTIF(C13:AG13,"I")*1)+(COUNTIF(C13:AG13,"S")*0)+(COUNTIF(C13:AG13,"M")*1)+(COUNTIF(C13:AG13,"C")*0)+(COUNTIF(C13:AG13,"V")*1)+(COUNTIF(C13:AG13,"A")*1) -> 0 | AJ13: Compassionate | AK13: C | AL13: 0
B14: ='January 2026'!B14 -> Emmanuel Quansah | AH14: =(COUNTIF(C14:AG14,"H")*1)+(COUNTIF(C14:AG14,"H1")*0.5)+(COUNTIF(C14:AG14,"H2")*0.5)+(COUNTIF(C14:AG14,"Q")*0.25)+(COUNTIF(C14:AG14,"I")*1)+(COUNTIF(C14:AG14,"S")*0)+(COUNTIF(C14:AG14,"M")*1)+(COUNTIF(C14:AG14,"C")*0)+(COUNTIF(C14:AG14,"V")*1)+(COUNTIF(C14:AG14,"A")*1) -> 0 | AJ14: Vacation | AK14: V | AL14: 1
B15: ='January 2026'!B15 -> Ben Oni Dankyi Ofosu | AH15: =(COUNTIF(C15:AG15,"H")*1)+(COUNTIF(C15:AG15,"H1")*0.5)+(COUNTIF(C15:AG15,"H2")*0.5)+(COUNTIF(C15:AG15,"Q")*0.25)+(COUNTIF(C15:AG15,"I")*1)+(COUNTIF(C15:AG15,"S")*0)+(COUNTIF(C15:AG15,"M")*1)+(COUNTIF(C15:AG15,"C")*0)+(COUNTIF(C15:AG15,"V")*1)+(COUNTIF(C15:AG15,"A")*1) -> 0 | AJ15: Absent/No Show | AK15: A | AL15: 1
B16: ='January 2026'!B16 -> Wahab Amoako Domson | AH16: =(COUNTIF(C16:AG16,"H")*1)+(COUNTIF(C16:AG16,"H1")*0.5)+(COUNTIF(C16:AG16,"H2")*0.5)+(COUNTIF(C16:AG16,"Q")*0.25)+(COUNTIF(C16:AG16,"I")*1)+(COUNTIF(C16:AG16,"S")*0)+(COUNTIF(C16:AG16,"M")*1)+(COUNTIF(C16:AG16,"C")*0)+(COUNTIF(C16:AG16,"V")*1)+(COUNTIF(C16:AG16,"A")*1) -> 0
B17: ='January 2026'!B17 -> Emmanuel Quarshie | AH17: =(COUNTIF(C17:AG17,"H")*1)+(COUNTIF(C17:AG17,"H1")*0.5)+(COUNTIF(C17:AG17,"H2")*0.5)+(COUNTIF(C17:AG17,"Q")*0.25)+(COUNTIF(C17:AG17,"I")*1)+(COUNTIF(C17:AG17,"S")*0)+(COUNTIF(C17:AG17,"M")*1)+(COUNTIF(C17:AG17,"C")*0)+(COUNTIF(C17:AG17,"V")*1)+(COUNTIF(C17:AG17,"A")*1) -> 0
B18: ='January 2026'!B18 -> Ethel Prempeh | AH18: =(COUNTIF(C18:AG18,"H")*1)+(COUNTIF(C18:AG18,"H1")*0.5)+(COUNTIF(C18:AG18,"H2")*0.5)+(COUNTIF(C18:AG18,"Q")*0.25)+(COUNTIF(C18:AG18,"I")*1)+(COUNTIF(C18:AG18,"S")*0)+(COUNTIF(C18:AG18,"M")*1)+(COUNTIF(C18:AG18,"C")*0)+(COUNTIF(C18:AG18,"V")*1)+(COUNTIF(C18:AG18,"A")*1) -> 0
B19: ='January 2026'!B19 -> Isaac Appiah | AH19: =(COUNTIF(C19:AG19,"H")*1)+(COUNTIF(C19:AG19,"H1")*0.5)+(COUNTIF(C19:AG19,"H2")*0.5)+(COUNTIF(C19:AG19,"Q")*0.25)+(COUNTIF(C19:AG19,"I")*1)+(COUNTIF(C19:AG19,"S")*0)+(COUNTIF(C19:AG19,"M")*1)+(COUNTIF(C19:AG19,"C")*0)+(COUNTIF(C19:AG19,"V")*1)+(COUNTIF(C19:AG19,"A")*1) -> 0
B20: Gerald Agyapong | AH20: =(COUNTIF(C20:AG20,"H")*1)+(COUNTIF(C20:AG20,"H1")*0.5)+(COUNTIF(C20:AG20,"H2")*0.5)+(COUNTIF(C20:AG20,"Q")*0.25)+(COUNTIF(C20:AG20,"I")*1)+(COUNTIF(C20:AG20,"S")*0)+(COUNTIF(C20:AG20,"M")*1)+(COUNTIF(C20:AG20,"C")*0)+(COUNTIF(C20:AG20,"V")*1)+(COUNTIF(C20:AG20,"A")*1) -> 0
B21: ='January 2026'!B21 -> 0 | AH21: =(COUNTIF(C21:AG21,"H")*1)+(COUNTIF(C21:AG21,"H1")*0.5)+(COUNTIF(C21:AG21,"H2")*0.5)+(COUNTIF(C21:AG21,"Q")*0.25)+(COUNTIF(C21:AG21,"I")*1)+(COUNTIF(C21:AG21,"S")*0)+(COUNTIF(C21:AG21,"M")*1)+(COUNTIF(C21:AG21,"C")*0)+(COUNTIF(C21:AG21,"V")*1)+(COUNTIF(C21:AG21,"A")*1) -> 0
B22: ='January 2026'!B22 -> 0 | AH22: =(COUNTIF(C22:AG22,"H")*1)+(COUNTIF(C22:AG22,"H1")*0.5)+(COUNTIF(C22:AG22,"H2")*0.5)+(COUNTIF(C22:AG22,"Q")*0.25)+(COUNTIF(C22:AG22,"I")*1)+(COUNTIF(C22:AG22,"S")*0)+(COUNTIF(C22:AG22,"M")*1)+(COUNTIF(C22:AG22,"C")*0)+(COUNTIF(C22:AG22,"V")*1)+(COUNTIF(C22:AG22,"A")*1) -> 0
B23: ='January 2026'!B23 -> 0 | AH23: =(COUNTIF(C23:AG23,"H")*1)+(COUNTIF(C23:AG23,"H1")*0.5)+(COUNTIF(C23:AG23,"H2")*0.5)+(COUNTIF(C23:AG23,"Q")*0.25)+(COUNTIF(C23:AG23,"I")*1)+(COUNTIF(C23:AG23,"S")*0)+(COUNTIF(C23:AG23,"M")*1)+(COUNTIF(C23:AG23,"C")*0)+(COUNTIF(C23:AG23,"V")*1)+(COUNTIF(C23:AG23,"A")*1) -> 0
B24: ='January 2026'!B24 -> 0 | AH24: =(COUNTIF(C24:AG24,"H")*1)+(COUNTIF(C24:AG24,"H1")*0.5)+(COUNTIF(C24:AG24,"H2")*0.5)+(COUNTIF(C24:AG24,"Q")*0.25)+(COUNTIF(C24:AG24,"I")*1)+(COUNTIF(C24:AG24,"S")*0)+(COUNTIF(C24:AG24,"M")*1)+(COUNTIF(C24:AG24,"C")*0)+(COUNTIF(C24:AG24,"V")*1)+(COUNTIF(C24:AG24,"A")*1) -> 0
B25: ='January 2026'!B25 -> 0 | AH25: =(COUNTIF(C25:AG25,"H")*1)+(COUNTIF(C25:AG25,"H1")*0.5)+(COUNTIF(C25:AG25,"H2")*0.5)+(COUNTIF(C25:AG25,"Q")*0.25)+(COUNTIF(C25:AG25,"I")*1)+(COUNTIF(C25:AG25,"S")*0)+(COUNTIF(C25:AG25,"M")*1)+(COUNTIF(C25:AG25,"C")*0)+(COUNTIF(C25:AG25,"V")*1)+(COUNTIF(C25:AG25,"A")*1) -> 0
B26: ='January 2026'!B26 -> 0 | AH26: =(COUNTIF(C26:AG26,"H")*1)+(COUNTIF(C26:AG26,"H1")*0.5)+(COUNTIF(C26:AG26,"H2")*0.5)+(COUNTIF(C26:AG26,"Q")*0.25)+(COUNTIF(C26:AG26,"I")*1)+(COUNTIF(C26:AG26,"S")*0)+(COUNTIF(C26:AG26,"M")*1)+(COUNTIF(C26:AG26,"C")*0)+(COUNTIF(C26:AG26,"V")*1)+(COUNTIF(C26:AG26,"A")*1) -> 0
B27: ='January 2026'!B27 -> 0 | AH27: =(COUNTIF(C27:AG27,"H")*1)+(COUNTIF(C27:AG27,"H1")*0.5)+(COUNTIF(C27:AG27,"H2")*0.5)+(COUNTIF(C27:AG27,"Q")*0.25)+(COUNTIF(C27:AG27,"I")*1)+(COUNTIF(C27:AG27,"S")*0)+(COUNTIF(C27:AG27,"M")*1)+(COUNTIF(C27:AG27,"C")*0)+(COUNTIF(C27:AG27,"V")*1)+(COUNTIF(C27:AG27,"A")*1) -> 0
B28: ='January 2026'!B28 -> 0 | AH28: =(COUNTIF(C28:AG28,"H")*1)+(COUNTIF(C28:AG28,"H1")*0.5)+(COUNTIF(C28:AG28,"H2")*0.5)+(COUNTIF(C28:AG28,"Q")*0.25)+(COUNTIF(C28:AG28,"I")*1)+(COUNTIF(C28:AG28,"S")*0)+(COUNTIF(C28:AG28,"M")*1)+(COUNTIF(C28:AG28,"C")*0)+(COUNTIF(C28:AG28,"V")*1)+(COUNTIF(C28:AG28,"A")*1) -> 0
B29: ='January 2026'!B29 -> 0 | AH29: =(COUNTIF(C29:AG29,"H")*1)+(COUNTIF(C29:AG29,"H1")*0.5)+(COUNTIF(C29:AG29,"H2")*0.5)+(COUNTIF(C29:AG29,"Q")*0.25)+(COUNTIF(C29:AG29,"I")*1)+(COUNTIF(C29:AG29,"S")*0)+(COUNTIF(C29:AG29,"M")*1)+(COUNTIF(C29:AG29,"C")*0)+(COUNTIF(C29:AG29,"V")*1)+(COUNTIF(C29:AG29,"A")*1) -> 0
B30: ='January 2026'!B30 -> 0 | AH30: =(COUNTIF(C30:AG30,"H")*1)+(COUNTIF(C30:AG30,"H1")*0.5)+(COUNTIF(C30:AG30,"H2")*0.5)+(COUNTIF(C30:AG30,"Q")*0.25)+(COUNTIF(C30:AG30,"I")*1)+(COUNTIF(C30:AG30,"S")*0)+(COUNTIF(C30:AG30,"M")*1)+(COUNTIF(C30:AG30,"C")*0)+(COUNTIF(C30:AG30,"V")*1)+(COUNTIF(C30:AG30,"A")*1) -> 0
B31: ='January 2026'!B31 -> 0 | AH31: =(COUNTIF(C31:AG31,"H")*1)+(COUNTIF(C31:AG31,"H1")*0.5)+(COUNTIF(C31:AG31,"H2")*0.5)+(COUNTIF(C31:AG31,"Q")*0.25)+(COUNTIF(C31:AG31,"I")*1)+(COUNTIF(C31:AG31,"S")*0)+(COUNTIF(C31:AG31,"M")*1)+(COUNTIF(C31:AG31,"C")*0)+(COUNTIF(C31:AG31,"V")*1)+(COUNTIF(C31:AG31,"A")*1) -> 0
B32: ='January 2026'!B32 -> 0 | AH32: =(COUNTIF(C32:AG32,"H")*1)+(COUNTIF(C32:AG32,"H1")*0.5)+(COUNTIF(C32:AG32,"H2")*0.5)+(COUNTIF(C32:AG32,"Q")*0.25)+(COUNTIF(C32:AG32,"I")*1)+(COUNTIF(C32:AG32,"S")*0)+(COUNTIF(C32:AG32,"M")*1)+(COUNTIF(C32:AG32,"C")*0)+(COUNTIF(C32:AG32,"V")*1)+(COUNTIF(C32:AG32,"A")*1) -> 0
... B55: ='January 2026'!B55 -> 0 | AH55: =(COUNTIF(C55:AG55,"H")*1)+(COUNTIF(C55:AG55,"H1")*0.5)+(COUNTIF(C55:AG55,"H2")*0.5)+(COUNTIF(C55:AG55,"Q")*0.25)+(COUNTIF(C55:AG55,"I")*1)+(COUNTIF(C55:AG55,"S")*0)+(COUNTIF(C55:AG55,"M")*1)+(COUNTIF(C55:AG55,"C")*0)+(COUNTIF(C55:AG55,"V")*1)+(COUNTIF(C55:AG55,"A")*1) -> 0
B57: Employees can book, get approval, and view their absences easier from any device with our online leave planner system.
B58: https://absentia.io/staff-holiday-booking-system

Sheet November 2026
C1: 2026
C2: W44 | D2: Week 45 | K2: Week 46 | R2: Week 47 | Y2: Week 48 | AF2: W49
C3: Nov | D3: Nov | E3: Nov | F3: Nov | G3: Nov | H3: Nov | I3: Nov | J3: Nov | K3: Nov | L3: Nov | M3: Nov | N3: Nov | O3: Nov | P3: Nov | Q3: Nov | R3: Nov | S3: Nov | T3: Nov | U3: Nov | V3: Nov | W3: Nov | X3: Nov | Y3: Nov | Z3: Nov | AA3: Nov | AB3: Nov | AC3: Nov | AD3: Nov | AE3: Nov | AF3: Nov | AG3: Absences this month | AI3: Absence type | AJ3: Code | AK3: Deduction
C4: 1 | D4: 2 | E4: 3 | F4: 4 | G4: 5 | H4: 6 | I4: 7 | J4: 8 | K4: 9 | L4: 10 | M4: 11 | N4: 12 | O4: 13 | P4: 14 | Q4: 15 | R4: 16 | S4: 17 | T4: 18 | U4: 19 | V4: 20 | W4: 21 | X4: 22 | Y4: 23 | Z4: 24 | AA4: 25 | AB4: 26 | AC4: 27 | AD4: 28 | AE4: 29 | AF4: 30
C5: Sun | D5: Mon | E5: Tue | F5: Wed | G5: Thu | H5: Fri | I5: Sat | J5: Sun | K5: Mon | L5: Tue | M5: Wed | N5: Thu | O5: Fri | P5: Sat | Q5: Sun | R5: Mon | S5: Tue | T5: Wed | U5: Thu | V5: Fri | W5: Sat | X5: Sun | Y5: Mon | Z5: Tue | AA5: Wed | AB5: Thu | AC5: Fri | AD5: Sat | AE5: Sun | AF5: Mon
B6: ='January 2026'!B6 -> Patience Tsikudo | AG6: =(COUNTIF(C6:AF6,"H")*1)+(COUNTIF(C6:AF6,"H1")*0.5)+(COUNTIF(C6:AF6,"H2")*0.5)+(COUNTIF(C6:AF6,"Q")*0.25)+(COUNTIF(C6:AF6,"I")*1)+(COUNTIF(C6:AF6,"S")*0)+(COUNTIF(C6:AF6,"M")*1)+(COUNTIF(C6:AF6,"C")*0)+(COUNTIF(C6:AF6,"V")*1)+(COUNTIF(C6:AF6,"A")*1) -> 0 | AI6: Holiday | AJ6: H | AK6: 1
B7: ='January 2026'!B7 -> Emmanuel Tetteh | AG7: =(COUNTIF(C7:AF7,"H")*1)+(COUNTIF(C7:AF7,"H1")*0.5)+(COUNTIF(C7:AF7,"H2")*0.5)+(COUNTIF(C7:AF7,"Q")*0.25)+(COUNTIF(C7:AF7,"I")*1)+(COUNTIF(C7:AF7,"S")*0)+(COUNTIF(C7:AF7,"M")*1)+(COUNTIF(C7:AF7,"C")*0)+(COUNTIF(C7:AF7,"V")*1)+(COUNTIF(C7:AF7,"A")*1) -> 0 | AI7: Half Day (morning) | AJ7: H1 | AK7: 0.5
B8: ='January 2026'!B8 -> Solomon Sefah | AG8: =(COUNTIF(C8:AF8,"H")*1)+(COUNTIF(C8:AF8,"H1")*0.5)+(COUNTIF(C8:AF8,"H2")*0.5)+(COUNTIF(C8:AF8,"Q")*0.25)+(COUNTIF(C8:AF8,"I")*1)+(COUNTIF(C8:AF8,"S")*0)+(COUNTIF(C8:AF8,"M")*1)+(COUNTIF(C8:AF8,"C")*0)+(COUNTIF(C8:AF8,"V")*1)+(COUNTIF(C8:AF8,"A")*1) -> 0 | AI8: Half Day (afternoon) | AJ8: H2 | AK8: 0.5
B9: ='January 2026'!B9 -> Maame Lankar De Veer | AG9: =(COUNTIF(C9:AF9,"H")*1)+(COUNTIF(C9:AF9,"H1")*0.5)+(COUNTIF(C9:AF9,"H2")*0.5)+(COUNTIF(C9:AF9,"Q")*0.25)+(COUNTIF(C9:AF9,"I")*1)+(COUNTIF(C9:AF9,"S")*0)+(COUNTIF(C9:AF9,"M")*1)+(COUNTIF(C9:AF9,"C")*0)+(COUNTIF(C9:AF9,"V")*1)+(COUNTIF(C9:AF9,"A")*1) -> 0 | AI9: Quarter day | AJ9: Q | AK9: 0.25
B10: ='January 2026'!B10 -> Joel Akwesi Opoku | AG10: =(COUNTIF(C10:AF10,"H")*1)+(COUNTIF(C10:AF10,"H1")*0.5)+(COUNTIF(C10:AF10,"H2")*0.5)+(COUNTIF(C10:AF10,"Q")*0.25)+(COUNTIF(C10:AF10,"I")*1)+(COUNTIF(C10:AF10,"S")*0)+(COUNTIF(C10:AF10,"M")*1)+(COUNTIF(C10:AF10,"C")*0)+(COUNTIF(C10:AF10,"V")*1)+(COUNTIF(C10:AF10,"A")*1) -> 0 | AI10: Inactive | AJ10: I | AK10: 1
B11: ='January 2026'!B11 -> Samuel Napaa | AG11: =(COUNTIF(C11:AF11,"H")*1)+(COUNTIF(C11:AF11,"H1")*0.5)+(COUNTIF(C11:AF11,"H2")*0.5)+(COUNTIF(C11:AF11,"Q")*0.25)+(COUNTIF(C11:AF11,"I")*1)+(COUNTIF(C11:AF11,"S")*0)+(COUNTIF(C11:AF11,"M")*1)+(COUNTIF(C11:AF11,"C")*0)+(COUNTIF(C11:AF11,"V")*1)+(COUNTIF(C11:AF11,"A")*1) -> 0 | AI11: Sickness | AJ11: S | AK11: 0
B12: ='January 2026'!B12 -> Cyril Elorm Dzamaklu | AG12: =(COUNTIF(C12:AF12,"H")*1)+(COUNTIF(C12:AF12,"H1")*0.5)+(COUNTIF(C12:AF12,"H2")*0.5)+(COUNTIF(C12:AF12,"Q")*0.25)+(COUNTIF(C12:AF12,"I")*1)+(COUNTIF(C12:AF12,"S")*0)+(COUNTIF(C12:AF12,"M")*1)+(COUNTIF(C12:AF12,"C")*0)+(COUNTIF(C12:AF12,"V")*1)+(COUNTIF(C12:AF12,"A")*1) -> 0 | AI12: Maternity/Paternity | AJ12: M | AK12: 1
B13: ='January 2026'!B13 -> Edwin Sedem Lawuiekpor | AG13: =(COUNTIF(C13:AF13,"H")*1)+(COUNTIF(C13:AF13,"H1")*0.5)+(COUNTIF(C13:AF13,"H2")*0.5)+(COUNTIF(C13:AF13,"Q")*0.25)+(COUNTIF(C13:AF13,"I")*1)+(COUNTIF(C13:AF13,"S")*0)+(COUNTIF(C13:AF13,"M")*1)+(COUNTIF(C13:AF13,"C")*0)+(COUNTIF(C13:AF13,"V")*1)+(COUNTIF(C13:AF13,"A")*1) -> 0 | AI13: Compassionate | AJ13: C | AK13: 0
B14: ='January 2026'!B14 -> Emmanuel Quansah | AG14: =(COUNTIF(C14:AF14,"H")*1)+(COUNTIF(C14:AF14,"H1")*0.5)+(COUNTIF(C14:AF14,"H2")*0.5)+(COUNTIF(C14:AF14,"Q")*0.25)+(COUNTIF(C14:AF14,"I")*1)+(COUNTIF(C14:AF14,"S")*0)+(COUNTIF(C14:AF14,"M")*1)+(COUNTIF(C14:AF14,"C")*0)+(COUNTIF(C14:AF14,"V")*1)+(COUNTIF(C14:AF14,"A")*1) -> 0 | AI14: Vacation | AJ14: V | AK14: 1
B15: ='January 2026'!B15 -> Ben Oni Dankyi Ofosu | AG15: =(COUNTIF(C15:AF15,"H")*1)+(COUNTIF(C15:AF15,"H1")*0.5)+(COUNTIF(C15:AF15,"H2")*0.5)+(COUNTIF(C15:AF15,"Q")*0.25)+(COUNTIF(C15:AF15,"I")*1)+(COUNTIF(C15:AF15,"S")*0)+(COUNTIF(C15:AF15,"M")*1)+(COUNTIF(C15:AF15,"C")*0)+(COUNTIF(C15:AF15,"V")*1)+(COUNTIF(C15:AF15,"A")*1) -> 0 | AI15: Absent/No Show | AJ15: A | AK15: 1
B16: ='January 2026'!B16 -> Wahab Amoako Domson | AG16: =(COUNTIF(C16:AF16,"H")*1)+(COUNTIF(C16:AF16,"H1")*0.5)+(COUNTIF(C16:AF16,"H2")*0.5)+(COUNTIF(C16:AF16,"Q")*0.25)+(COUNTIF(C16:AF16,"I")*1)+(COUNTIF(C16:AF16,"S")*0)+(COUNTIF(C16:AF16,"M")*1)+(COUNTIF(C16:AF16,"C")*0)+(COUNTIF(C16:AF16,"V")*1)+(COUNTIF(C16:AF16,"A")*1) -> 0
B17: ='January 2026'!B17 -> Emmanuel Quarshie | AG17: =(COUNTIF(C17:AF17,"H")*1)+(COUNTIF(C17:AF17,"H1")*0.5)+(COUNTIF(C17:AF17,"H2")*0.5)+(COUNTIF(C17:AF17,"Q")*0.25)+(COUNTIF(C17:AF17,"I")*1)+(COUNTIF(C17:AF17,"S")*0)+(COUNTIF(C17:AF17,"M")*1)+(COUNTIF(C17:AF17,"C")*0)+(COUNTIF(C17:AF17,"V")*1)+(COUNTIF(C17:AF17,"A")*1) -> 0
B18: ='January 2026'!B18 -> Ethel Prempeh | AG18: =(COUNTIF(C18:AF18,"H")*1)+(COUNTIF(C18:AF18,"H1")*0.5)+(COUNTIF(C18:AF18,"H2")*0.5)+(COUNTIF(C18:AF18,"Q")*0.25)+(COUNTIF(C18:AF18,"I")*1)+(COUNTIF(C18:AF18,"S")*0)+(COUNTIF(C18:AF18,"M")*1)+(COUNTIF(C18:AF18,"C")*0)+(COUNTIF(C18:AF18,"V")*1)+(COUNTIF(C18:AF18,"A")*1) -> 0
B19: ='January 2026'!B19 -> Isaac Appiah | AG19: =(COUNTIF(C19:AF19,"H")*1)+(COUNTIF(C19:AF19,"H1")*0.5)+(COUNTIF(C19:AF19,"H2")*0.5)+(COUNTIF(C19:AF19,"Q")*0.25)+(COUNTIF(C19:AF19,"I")*1)+(COUNTIF(C19:AF19,"S")*0)+(COUNTIF(C19:AF19,"M")*1)+(COUNTIF(C19:AF19,"C")*0)+(COUNTIF(C19:AF19,"V")*1)+(COUNTIF(C19:AF19,"A")*1) -> 0
B20: Gerald Agyapong | AG20: =(COUNTIF(C20:AF20,"H")*1)+(COUNTIF(C20:AF20,"H1")*0.5)+(COUNTIF(C20:AF20,"H2")*0.5)+(COUNTIF(C20:AF20,"Q")*0.25)+(COUNTIF(C20:AF20,"I")*1)+(COUNTIF(C20:AF20,"S")*0)+(COUNTIF(C20:AF20,"M")*1)+(COUNTIF(C20:AF20,"C")*0)+(COUNTIF(C20:AF20,"V")*1)+(COUNTIF(C20:AF20,"A")*1) -> 0
B21: ='January 2026'!B21 -> 0 | AG21: =(COUNTIF(C21:AF21,"H")*1)+(COUNTIF(C21:AF21,"H1")*0.5)+(COUNTIF(C21:AF21,"H2")*0.5)+(COUNTIF(C21:AF21,"Q")*0.25)+(COUNTIF(C21:AF21,"I")*1)+(COUNTIF(C21:AF21,"S")*0)+(COUNTIF(C21:AF21,"M")*1)+(COUNTIF(C21:AF21,"C")*0)+(COUNTIF(C21:AF21,"V")*1)+(COUNTIF(C21:AF21,"A")*1) -> 0
B22: ='January 2026'!B22 -> 0 | AG22: =(COUNTIF(C22:AF22,"H")*1)+(COUNTIF(C22:AF22,"H1")*0.5)+(COUNTIF(C22:AF22,"H2")*0.5)+(COUNTIF(C22:AF22,"Q")*0.25)+(COUNTIF(C22:AF22,"I")*1)+(COUNTIF(C22:AF22,"S")*0)+(COUNTIF(C22:AF22,"M")*1)+(COUNTIF(C22:AF22,"C")*0)+(COUNTIF(C22:AF22,"V")*1)+(COUNTIF(C22:AF22,"A")*1) -> 0
B23: ='January 2026'!B23 -> 0 | AG23: =(COUNTIF(C23:AF23,"H")*1)+(COUNTIF(C23:AF23,"H1")*0.5)+(COUNTIF(C23:AF23,"H2")*0.5)+(COUNTIF(C23:AF23,"Q")*0.25)+(COUNTIF(C23:AF23,"I")*1)+(COUNTIF(C23:AF23,"S")*0)+(COUNTIF(C23:AF23,"M")*1)+(COUNTIF(C23:AF23,"C")*0)+(COUNTIF(C23:AF23,"V")*1)+(COUNTIF(C23:AF23,"A")*1) -> 0
B24: ='January 2026'!B24 -> 0 | AG24: =(COUNTIF(C24:AF24,"H")*1)+(COUNTIF(C24:AF24,"H1")*0.5)+(COUNTIF(C24:AF24,"H2")*0.5)+(COUNTIF(C24:AF24,"Q")*0.25)+(COUNTIF(C24:AF24,"I")*1)+(COUNTIF(C24:AF24,"S")*0)+(COUNTIF(C24:AF24,"M")*1)+(COUNTIF(C24:AF24,"C")*0)+(COUNTIF(C24:AF24,"V")*1)+(COUNTIF(C24:AF24,"A")*1) -> 0
B25: ='January 2026'!B25 -> 0 | AG25: =(COUNTIF(C25:AF25,"H")*1)+(COUNTIF(C25:AF25,"H1")*0.5)+(COUNTIF(C25:AF25,"H2")*0.5)+(COUNTIF(C25:AF25,"Q")*0.25)+(COUNTIF(C25:AF25,"I")*1)+(COUNTIF(C25:AF25,"S")*0)+(COUNTIF(C25:AF25,"M")*1)+(COUNTIF(C25:AF25,"C")*0)+(COUNTIF(C25:AF25,"V")*1)+(COUNTIF(C25:AF25,"A")*1) -> 0
B26: ='January 2026'!B26 -> 0 | AG26: =(COUNTIF(C26:AF26,"H")*1)+(COUNTIF(C26:AF26,"H1")*0.5)+(COUNTIF(C26:AF26,"H2")*0.5)+(COUNTIF(C26:AF26,"Q")*0.25)+(COUNTIF(C26:AF26,"I")*1)+(COUNTIF(C26:AF26,"S")*0)+(COUNTIF(C26:AF26,"M")*1)+(COUNTIF(C26:AF26,"C")*0)+(COUNTIF(C26:AF26,"V")*1)+(COUNTIF(C26:AF26,"A")*1) -> 0
B27: ='January 2026'!B27 -> 0 | AG27: =(COUNTIF(C27:AF27,"H")*1)+(COUNTIF(C27:AF27,"H1")*0.5)+(COUNTIF(C27:AF27,"H2")*0.5)+(COUNTIF(C27:AF27,"Q")*0.25)+(COUNTIF(C27:AF27,"I")*1)+(COUNTIF(C27:AF27,"S")*0)+(COUNTIF(C27:AF27,"M")*1)+(COUNTIF(C27:AF27,"C")*0)+(COUNTIF(C27:AF27,"V")*1)+(COUNTIF(C27:AF27,"A")*1) -> 0
B28: ='January 2026'!B28 -> 0 | AG28: =(COUNTIF(C28:AF28,"H")*1)+(COUNTIF(C28:AF28,"H1")*0.5)+(COUNTIF(C28:AF28,"H2")*0.5)+(COUNTIF(C28:AF28,"Q")*0.25)+(COUNTIF(C28:AF28,"I")*1)+(COUNTIF(C28:AF28,"S")*0)+(COUNTIF(C28:AF28,"M")*1)+(COUNTIF(C28:AF28,"C")*0)+(COUNTIF(C28:AF28,"V")*1)+(COUNTIF(C28:AF28,"A")*1) -> 0
B29: ='January 2026'!B29 -> 0 | AG29: =(COUNTIF(C29:AF29,"H")*1)+(COUNTIF(C29:AF29,"H1")*0.5)+(COUNTIF(C29:AF29,"H2")*0.5)+(COUNTIF(C29:AF29,"Q")*0.25)+(COUNTIF(C29:AF29,"I")*1)+(COUNTIF(C29:AF29,"S")*0)+(COUNTIF(C29:AF29,"M")*1)+(COUNTIF(C29:AF29,"C")*0)+(COUNTIF(C29:AF29,"V")*1)+(COUNTIF(C29:AF29,"A")*1) -> 0
B30: ='January 2026'!B30 -> 0 | AG30: =(COUNTIF(C30:AF30,"H")*1)+(COUNTIF(C30:AF30,"H1")*0.5)+(COUNTIF(C30:AF30,"H2")*0.5)+(COUNTIF(C30:AF30,"Q")*0.25)+(COUNTIF(C30:AF30,"I")*1)+(COUNTIF(C30:AF30,"S")*0)+(COUNTIF(C30:AF30,"M")*1)+(COUNTIF(C30:AF30,"C")*0)+(COUNTIF(C30:AF30,"V")*1)+(COUNTIF(C30:AF30,"A")*1) -> 0
B31: ='January 2026'!B31 -> 0 | AG31: =(COUNTIF(C31:AF31,"H")*1)+(COUNTIF(C31:AF31,"H1")*0.5)+(COUNTIF(C31:AF31,"H2")*0.5)+(COUNTIF(C31:AF31,"Q")*0.25)+(COUNTIF(C31:AF31,"I")*1)+(COUNTIF(C31:AF31,"S")*0)+(COUNTIF(C31:AF31,"M")*1)+(COUNTIF(C31:AF31,"C")*0)+(COUNTIF(C31:AF31,"V")*1)+(COUNTIF(C31:AF31,"A")*1) -> 0
B32: ='January 2026'!B32 -> 0 | AG32: =(COUNTIF(C32:AF32,"H")*1)+(COUNTIF(C32:AF32,"H1")*0.5)+(COUNTIF(C32:AF32,"H2")*0.5)+(COUNTIF(C32:AF32,"Q")*0.25)+(COUNTIF(C32:AF32,"I")*1)+(COUNTIF(C32:AF32,"S")*0)+(COUNTIF(C32:AF32,"M")*1)+(COUNTIF(C32:AF32,"C")*0)+(COUNTIF(C32:AF32,"V")*1)+(COUNTIF(C32:AF32,"A")*1) -> 0
... B55: ='January 2026'!B55 -> 0 | AG55: =(COUNTIF(C55:AF55,"H")*1)+(COUNTIF(C55:AF55,"H1")*0.5)+(COUNTIF(C55:AF55,"H2")*0.5)+(COUNTIF(C55:AF55,"Q")*0.25)+(COUNTIF(C55:AF55,"I")*1)+(COUNTIF(C55:AF55,"S")*0)+(COUNTIF(C55:AF55,"M")*1)+(COUNTIF(C55:AF55,"C")*0)+(COUNTIF(C55:AF55,"V")*1)+(COUNTIF(C55:AF55,"A")*1) -> 0
B57: Managers save time when employees book their own holidays, have easy access to view their bookings, and analyse their remaining allowance. Try it out:
B58: https://absentia.io/staff-holiday-booking-system

Sheet December 2026
C1: 2026
C2: Week 49 | I2: Week 50 | P2: Week 51 | W2: Week 52 | AD2: Week 53
C3: Dec | D3: Dec | E3: Dec | F3: Dec | G3: Dec | H3: Dec | I3: Dec | J3: Dec | K3: Dec | L3: Dec | M3: Dec | N3: Dec | O3: Dec | P3: Dec | Q3: Dec | R3: Dec | S3: Dec | T3: Dec | U3: Dec | V3: Dec | W3: Dec | X3: Dec | Y3: Dec | Z3: Dec | AA3: Dec | AB3: Dec | AC3: Dec | AD3: Dec | AE3: Dec | AF3: Dec | AG3: Dec | AH3: Absences this month | AJ3: Absence type | AK3: Code | AL3: Deduction
C4: 1 | D4: 2 | E4: 3 | F4: 4 | G4: 5 | H4: 6 | I4: 7 | J4: 8 | K4: 9 | L4: 10 | M4: 11 | N4: 12 | O4: 13 | P4: 14 | Q4: 15 | R4: 16 | S4: 17 | T4: 18 | U4: 19 | V4: 20 | W4: 21 | X4: 22 | Y4: 23 | Z4: 24 | AA4: 25 | AB4: 26 | AC4: 27 | AD4: 28 | AE4: 29 | AF4: 30 | AG4: 31
C5: Tue | D5: Wed | E5: Thu | F5: Fri | G5: Sat | H5: Sun | I5: Mon | J5: Tue | K5: Wed | L5: Thu | M5: Fri | N5: Sat | O5: Sun | P5: Mon | Q5: Tue | R5: Wed | S5: Thu | T5: Fri | U5: Sat | V5: Sun | W5: Mon | X5: Tue | Y5: Wed | Z5: Thu | AA5: Fri | AB5: Sat | AC5: Sun | AD5: Mon | AE5: Tue | AF5: Wed | AG5: Thu
B6: ='January 2026'!B6 -> Patience Tsikudo | F6: H | AA6: H | AD6: H | AH6: =(COUNTIF(C6:AG6,"H")*1)+(COUNTIF(C6:AG6,"H1")*0.5)+(COUNTIF(C6:AG6,"H2")*0.5)+(COUNTIF(C6:AG6,"Q")*0.25)+(COUNTIF(C6:AG6,"I")*1)+(COUNTIF(C6:AG6,"S")*0)+(COUNTIF(C6:AG6,"M")*1)+(COUNTIF(C6:AG6,"C")*0)+(COUNTIF(C6:AG6,"V")*1)+(COUNTIF(C6:AG6,"A")*1) -> 3 | AJ6: Holiday | AK6: H | AL6: 1
B7: ='January 2026'!B7 -> Emmanuel Tetteh | F7: H | AA7: H | AD7: H | AH7: =(COUNTIF(C7:AG7,"H")*1)+(COUNTIF(C7:AG7,"H1")*0.5)+(COUNTIF(C7:AG7,"H2")*0.5)+(COUNTIF(C7:AG7,"Q")*0.25)+(COUNTIF(C7:AG7,"I")*1)+(COUNTIF(C7:AG7,"S")*0)+(COUNTIF(C7:AG7,"M")*1)+(COUNTIF(C7:AG7,"C")*0)+(COUNTIF(C7:AG7,"V")*1)+(COUNTIF(C7:AG7,"A")*1) -> 3 | AJ7: Half Day (morning) | AK7: H1 | AL7: 0.5
B8: ='January 2026'!B8 -> Solomon Sefah | F8: H | AA8: H | AD8: H | AH8: =(COUNTIF(C8:AG8,"H")*1)+(COUNTIF(C8:AG8,"H1")*0.5)+(COUNTIF(C8:AG8,"H2")*0.5)+(COUNTIF(C8:AG8,"Q")*0.25)+(COUNTIF(C8:AG8,"I")*1)+(COUNTIF(C8:AG8,"S")*0)+(COUNTIF(C8:AG8,"M")*1)+(COUNTIF(C8:AG8,"C")*0)+(COUNTIF(C8:AG8,"V")*1)+(COUNTIF(C8:AG8,"A")*1) -> 3 | AJ8: Half Day (afternoon) | AK8: H2 | AL8: 0.5
B9: ='January 2026'!B9 -> Maame Lankar De Veer | F9: H | AA9: H | AD9: H | AH9: =(COUNTIF(C9:AG9,"H")*1)+(COUNTIF(C9:AG9,"H1")*0.5)+(COUNTIF(C9:AG9,"H2")*0.5)+(COUNTIF(C9:AG9,"Q")*0.25)+(COUNTIF(C9:AG9,"I")*1)+(COUNTIF(C9:AG9,"S")*0)+(COUNTIF(C9:AG9,"M")*1)+(COUNTIF(C9:AG9,"C")*0)+(COUNTIF(C9:AG9,"V")*1)+(COUNTIF(C9:AG9,"A")*1) -> 3 | AJ9: Quarter day | AK9: Q | AL9: 0.25
B10: ='January 2026'!B10 -> Joel Akwesi Opoku | F10: H | AA10: H | AD10: H | AH10: =(COUNTIF(C10:AG10,"H")*1)+(COUNTIF(C10:AG10,"H1")*0.5)+(COUNTIF(C10:AG10,"H2")*0.5)+(COUNTIF(C10:AG10,"Q")*0.25)+(COUNTIF(C10:AG10,"I")*1)+(COUNTIF(C10:AG10,"S")*0)+(COUNTIF(C10:AG10,"M")*1)+(COUNTIF(C10:AG10,"C")*0)+(COUNTIF(C10:AG10,"V")*1)+(COUNTIF(C10:AG10,"A")*1) -> 3 | AJ10: Inactive | AK10: I | AL10: 1
B11: ='January 2026'!B11 -> Samuel Napaa | F11: H | AA11: H | AD11: H | AH11: =(COUNTIF(C11:AG11,"H")*1)+(COUNTIF(C11:AG11,"H1")*0.5)+(COUNTIF(C11:AG11,"H2")*0.5)+(COUNTIF(C11:AG11,"Q")*0.25)+(COUNTIF(C11:AG11,"I")*1)+(COUNTIF(C11:AG11,"S")*0)+(COUNTIF(C11:AG11,"M")*1)+(COUNTIF(C11:AG11,"C")*0)+(COUNTIF(C11:AG11,"V")*1)+(COUNTIF(C11:AG11,"A")*1) -> 3 | AJ11: Sickness | AK11: S | AL11: 0
B12: ='January 2026'!B12 -> Cyril Elorm Dzamaklu | F12: H | AA12: H | AD12: H | AH12: =(COUNTIF(C12:AG12,"H")*1)+(COUNTIF(C12:AG12,"H1")*0.5)+(COUNTIF(C12:AG12,"H2")*0.5)+(COUNTIF(C12:AG12,"Q")*0.25)+(COUNTIF(C12:AG12,"I")*1)+(COUNTIF(C12:AG12,"S")*0)+(COUNTIF(C12:AG12,"M")*1)+(COUNTIF(C12:AG12,"C")*0)+(COUNTIF(C12:AG12,"V")*1)+(COUNTIF(C12:AG12,"A")*1) -> 3 | AJ12: Maternity/Paternity | AK12: M | AL12: 1
B13: ='January 2026'!B13 -> Edwin Sedem Lawuiekpor | F13: H | AA13: H | AD13: H | AH13: =(COUNTIF(C13:AG13,"H")*1)+(COUNTIF(C13:AG13,"H1")*0.5)+(COUNTIF(C13:AG13,"H2")*0.5)+(COUNTIF(C13:AG13,"Q")*0.25)+(COUNTIF(C13:AG13,"I")*1)+(COUNTIF(C13:AG13,"S")*0)+(COUNTIF(C13:AG13,"M")*1)+(COUNTIF(C13:AG13,"C")*0)+(COUNTIF(C13:AG13,"V")*1)+(COUNTIF(C13:AG13,"A")*1) -> 3 | AJ13: Compassionate | AK13: C | AL13: 0
B14: ='January 2026'!B14 -> Emmanuel Quansah | F14: H | AA14: H | AD14: H | AH14: =(COUNTIF(C14:AG14,"H")*1)+(COUNTIF(C14:AG14,"H1")*0.5)+(COUNTIF(C14:AG14,"H2")*0.5)+(COUNTIF(C14:AG14,"Q")*0.25)+(COUNTIF(C14:AG14,"I")*1)+(COUNTIF(C14:AG14,"S")*0)+(COUNTIF(C14:AG14,"M")*1)+(COUNTIF(C14:AG14,"C")*0)+(COUNTIF(C14:AG14,"V")*1)+(COUNTIF(C14:AG14,"A")*1) -> 3 | AJ14: Vacation | AK14: V | AL14: 1
B15: ='January 2026'!B15 -> Ben Oni Dankyi Ofosu | F15: H | AA15: H | AD15: H | AH15: =(COUNTIF(C15:AG15,"H")*1)+(COUNTIF(C15:AG15,"H1")*0.5)+(COUNTIF(C15:AG15,"H2")*0.5)+(COUNTIF(C15:AG15,"Q")*0.25)+(COUNTIF(C15:AG15,"I")*1)+(COUNTIF(C15:AG15,"S")*0)+(COUNTIF(C15:AG15,"M")*1)+(COUNTIF(C15:AG15,"C")*0)+(COUNTIF(C15:AG15,"V")*1)+(COUNTIF(C15:AG15,"A")*1) -> 3 | AJ15: Absent/No Show | AK15: A | AL15: 1
B16: ='January 2026'!B16 -> Wahab Amoako Domson | F16: H | AA16: H | AD16: H | AH16: =(COUNTIF(C16:AG16,"H")*1)+(COUNTIF(C16:AG16,"H1")*0.5)+(COUNTIF(C16:AG16,"H2")*0.5)+(COUNTIF(C16:AG16,"Q")*0.25)+(COUNTIF(C16:AG16,"I")*1)+(COUNTIF(C16:AG16,"S")*0)+(COUNTIF(C16:AG16,"M")*1)+(COUNTIF(C16:AG16,"C")*0)+(COUNTIF(C16:AG16,"V")*1)+(COUNTIF(C16:AG16,"A")*1) -> 3
B17: ='January 2026'!B17 -> Emmanuel Quarshie | F17: H | AA17: H | AD17: H | AH17: =(COUNTIF(C17:AG17,"H")*1)+(COUNTIF(C17:AG17,"H1")*0.5)+(COUNTIF(C17:AG17,"H2")*0.5)+(COUNTIF(C17:AG17,"Q")*0.25)+(COUNTIF(C17:AG17,"I")*1)+(COUNTIF(C17:AG17,"S")*0)+(COUNTIF(C17:AG17,"M")*1)+(COUNTIF(C17:AG17,"C")*0)+(COUNTIF(C17:AG17,"V")*1)+(COUNTIF(C17:AG17,"A")*1) -> 3
B18: ='January 2026'!B18 -> Ethel Prempeh | F18: H | AA18: H | AD18: H | AH18: =(COUNTIF(C18:AG18,"H")*1)+(COUNTIF(C18:AG18,"H1")*0.5)+(COUNTIF(C18:AG18,"H2")*0.5)+(COUNTIF(C18:AG18,"Q")*0.25)+(COUNTIF(C18:AG18,"I")*1)+(COUNTIF(C18:AG18,"S")*0)+(COUNTIF(C18:AG18,"M")*1)+(COUNTIF(C18:AG18,"C")*0)+(COUNTIF(C18:AG18,"V")*1)+(COUNTIF(C18:AG18,"A")*1) -> 3
B19: ='January 2026'!B19 -> Isaac Appiah | F19: H | AA19: H | AD19: H | AH19: =(COUNTIF(C19:AG19,"H")*1)+(COUNTIF(C19:AG19,"H1")*0.5)+(COUNTIF(C19:AG19,"H2")*0.5)+(COUNTIF(C19:AG19,"Q")*0.25)+(COUNTIF(C19:AG19,"I")*1)+(COUNTIF(C19:AG19,"S")*0)+(COUNTIF(C19:AG19,"M")*1)+(COUNTIF(C19:AG19,"C")*0)+(COUNTIF(C19:AG19,"V")*1)+(COUNTIF(C19:AG19,"A")*1) -> 3
B20: Gerald Agyapong | F20: H | AA20: H | AD20: H | AH20: =(COUNTIF(C20:AG20,"H")*1)+(COUNTIF(C20:AG20,"H1")*0.5)+(COUNTIF(C20:AG20,"H2")*0.5)+(COUNTIF(C20:AG20,"Q")*0.25)+(COUNTIF(C20:AG20,"I")*1)+(COUNTIF(C20:AG20,"S")*0)+(COUNTIF(C20:AG20,"M")*1)+(COUNTIF(C20:AG20,"C")*0)+(COUNTIF(C20:AG20,"V")*1)+(COUNTIF(C20:AG20,"A")*1) -> 3
B21: ='January 2026'!B21 -> 0 | AH21: =(COUNTIF(C21:AG21,"H")*1)+(COUNTIF(C21:AG21,"H1")*0.5)+(COUNTIF(C21:AG21,"H2")*0.5)+(COUNTIF(C21:AG21,"Q")*0.25)+(COUNTIF(C21:AG21,"I")*1)+(COUNTIF(C21:AG21,"S")*0)+(COUNTIF(C21:AG21,"M")*1)+(COUNTIF(C21:AG21,"C")*0)+(COUNTIF(C21:AG21,"V")*1)+(COUNTIF(C21:AG21,"A")*1) -> 0
B22: ='January 2026'!B22 -> 0 | AH22: =(COUNTIF(C22:AG22,"H")*1)+(COUNTIF(C22:AG22,"H1")*0.5)+(COUNTIF(C22:AG22,"H2")*0.5)+(COUNTIF(C22:AG22,"Q")*0.25)+(COUNTIF(C22:AG22,"I")*1)+(COUNTIF(C22:AG22,"S")*0)+(COUNTIF(C22:AG22,"M")*1)+(COUNTIF(C22:AG22,"C")*0)+(COUNTIF(C22:AG22,"V")*1)+(COUNTIF(C22:AG22,"A")*1) -> 0
B23: ='January 2026'!B23 -> 0 | AH23: =(COUNTIF(C23:AG23,"H")*1)+(COUNTIF(C23:AG23,"H1")*0.5)+(COUNTIF(C23:AG23,"H2")*0.5)+(COUNTIF(C23:AG23,"Q")*0.25)+(COUNTIF(C23:AG23,"I")*1)+(COUNTIF(C23:AG23,"S")*0)+(COUNTIF(C23:AG23,"M")*1)+(COUNTIF(C23:AG23,"C")*0)+(COUNTIF(C23:AG23,"V")*1)+(COUNTIF(C23:AG23,"A")*1) -> 0
B24: ='January 2026'!B24 -> 0 | AH24: =(COUNTIF(C24:AG24,"H")*1)+(COUNTIF(C24:AG24,"H1")*0.5)+(COUNTIF(C24:AG24,"H2")*0.5)+(COUNTIF(C24:AG24,"Q")*0.25)+(COUNTIF(C24:AG24,"I")*1)+(COUNTIF(C24:AG24,"S")*0)+(COUNTIF(C24:AG24,"M")*1)+(COUNTIF(C24:AG24,"C")*0)+(COUNTIF(C24:AG24,"V")*1)+(COUNTIF(C24:AG24,"A")*1) -> 0
B25: ='January 2026'!B25 -> 0 | AH25: =(COUNTIF(C25:AG25,"H")*1)+(COUNTIF(C25:AG25,"H1")*0.5)+(COUNTIF(C25:AG25,"H2")*0.5)+(COUNTIF(C25:AG25,"Q")*0.25)+(COUNTIF(C25:AG25,"I")*1)+(COUNTIF(C25:AG25,"S")*0)+(COUNTIF(C25:AG25,"M")*1)+(COUNTIF(C25:AG25,"C")*0)+(COUNTIF(C25:AG25,"V")*1)+(COUNTIF(C25:AG25,"A")*1) -> 0
B26: ='January 2026'!B26 -> 0 | AH26: =(COUNTIF(C26:AG26,"H")*1)+(COUNTIF(C26:AG26,"H1")*0.5)+(COUNTIF(C26:AG26,"H2")*0.5)+(COUNTIF(C26:AG26,"Q")*0.25)+(COUNTIF(C26:AG26,"I")*1)+(COUNTIF(C26:AG26,"S")*0)+(COUNTIF(C26:AG26,"M")*1)+(COUNTIF(C26:AG26,"C")*0)+(COUNTIF(C26:AG26,"V")*1)+(COUNTIF(C26:AG26,"A")*1) -> 0
B27: ='January 2026'!B27 -> 0 | AH27: =(COUNTIF(C27:AG27,"H")*1)+(COUNTIF(C27:AG27,"H1")*0.5)+(COUNTIF(C27:AG27,"H2")*0.5)+(COUNTIF(C27:AG27,"Q")*0.25)+(COUNTIF(C27:AG27,"I")*1)+(COUNTIF(C27:AG27,"S")*0)+(COUNTIF(C27:AG27,"M")*1)+(COUNTIF(C27:AG27,"C")*0)+(COUNTIF(C27:AG27,"V")*1)+(COUNTIF(C27:AG27,"A")*1) -> 0
B28: ='January 2026'!B28 -> 0 | AH28: =(COUNTIF(C28:AG28,"H")*1)+(COUNTIF(C28:AG28,"H1")*0.5)+(COUNTIF(C28:AG28,"H2")*0.5)+(COUNTIF(C28:AG28,"Q")*0.25)+(COUNTIF(C28:AG28,"I")*1)+(COUNTIF(C28:AG28,"S")*0)+(COUNTIF(C28:AG28,"M")*1)+(COUNTIF(C28:AG28,"C")*0)+(COUNTIF(C28:AG28,"V")*1)+(COUNTIF(C28:AG28,"A")*1) -> 0
B29: ='January 2026'!B29 -> 0 | AH29: =(COUNTIF(C29:AG29,"H")*1)+(COUNTIF(C29:AG29,"H1")*0.5)+(COUNTIF(C29:AG29,"H2")*0.5)+(COUNTIF(C29:AG29,"Q")*0.25)+(COUNTIF(C29:AG29,"I")*1)+(COUNTIF(C29:AG29,"S")*0)+(COUNTIF(C29:AG29,"M")*1)+(COUNTIF(C29:AG29,"C")*0)+(COUNTIF(C29:AG29,"V")*1)+(COUNTIF(C29:AG29,"A")*1) -> 0
B30: ='January 2026'!B30 -> 0 | AH30: =(COUNTIF(C30:AG30,"H")*1)+(COUNTIF(C30:AG30,"H1")*0.5)+(COUNTIF(C30:AG30,"H2")*0.5)+(COUNTIF(C30:AG30,"Q")*0.25)+(COUNTIF(C30:AG30,"I")*1)+(COUNTIF(C30:AG30,"S")*0)+(COUNTIF(C30:AG30,"M")*1)+(COUNTIF(C30:AG30,"C")*0)+(COUNTIF(C30:AG30,"V")*1)+(COUNTIF(C30:AG30,"A")*1) -> 0
B31: ='January 2026'!B31 -> 0 | AH31: =(COUNTIF(C31:AG31,"H")*1)+(COUNTIF(C31:AG31,"H1")*0.5)+(COUNTIF(C31:AG31,"H2")*0.5)+(COUNTIF(C31:AG31,"Q")*0.25)+(COUNTIF(C31:AG31,"I")*1)+(COUNTIF(C31:AG31,"S")*0)+(COUNTIF(C31:AG31,"M")*1)+(COUNTIF(C31:AG31,"C")*0)+(COUNTIF(C31:AG31,"V")*1)+(COUNTIF(C31:AG31,"A")*1) -> 0
B32: ='January 2026'!B32 -> 0 | AH32: =(COUNTIF(C32:AG32,"H")*1)+(COUNTIF(C32:AG32,"H1")*0.5)+(COUNTIF(C32:AG32,"H2")*0.5)+(COUNTIF(C32:AG32,"Q")*0.25)+(COUNTIF(C32:AG32,"I")*1)+(COUNTIF(C32:AG32,"S")*0)+(COUNTIF(C32:AG32,"M")*1)+(COUNTIF(C32:AG32,"C")*0)+(COUNTIF(C32:AG32,"V")*1)+(COUNTIF(C32:AG32,"A")*1) -> 0
... B55: ='January 2026'!B55 -> 0 | AH55: =(COUNTIF(C55:AG55,"H")*1)+(COUNTIF(C55:AG55,"H1")*0.5)+(COUNTIF(C55:AG55,"H2")*0.5)+(COUNTIF(C55:AG55,"Q")*0.25)+(COUNTIF(C55:AG55,"I")*1)+(COUNTIF(C55:AG55,"S")*0)+(COUNTIF(C55:AG55,"M")*1)+(COUNTIF(C55:AG55,"C")*0)+(COUNTIF(C55:AG55,"V")*1)+(COUNTIF(C55:AG55,"A")*1) -> 0
B57: Get alerts of upcoming leave with our cloud-based leave management system.
B58: https://absentia.io/staff-holiday-booking-system

Sheet Totals
J2: Breakdown
C3: Base allowance | D3: Carry over | E3: Total allowance | G3: Absence count | H3: Remaining allowance | J3: Holiday | K3: Half Day (morning) | L3: Half Day (afternoon) | M3: Quarter day | N3: Inactive | O3: Sickness | P3: Maternity/Paternity | Q3: Compassionate | R3: Vacation | S3: Absent/No Show
A4: 1 | B4: ='January 2026'!B6 -> Patience Tsikudo | C4: 33 | D4: 3 | E4: =SUM(C4:D4) -> 36 | G4: =SUM('January 2026'!AH6,'February 2026'!AE6,'March 2026'!AH6,'April 2026'!AG6,'May 2026'!AH6,'June 2026'!AG6,'July 2026'!AH6,'August 2026'!AH6,'September 2026'!AG6,'October 2026'!AH6,'November 2026'!AG6,'December 2026'!AH6) -> 18 | H4: =E4-G4 -> 18 | J4: 12 | K4: =SUM(COUNTIF('January 2026'!C6:AG6,"H1"),COUNTIF('February 2026'!C6:AD6,"H1"),COUNTIF('March 2026'!C6:AG6,"H1"),COUNTIF('April 2026'!C6:AF6,"H1"),COUNTIF('May 2026'!C6:AG6,"H1"),COUNTIF('June 2026'!C6:AF6,"H1"),COUNTIF('July 2026'!C6:AG6,"H1"),COUNTIF('August 2026'!C6:AG6,"H1"),COUNTIF('September 2026'!C6:AF6,"H1"),COUNTIF('October 2026'!C6:AG6,"H1"),COUNTIF('November 2026'!C6:AF6,"H1"),COUNTIF('December 2026'!C6:AG6,"H1")) -> 0 | L4: =SUM(COUNTIF('January 2026'!C6:AG6,"H2"),COUNTIF('February 2026'!C6:AD6,"H2"),COUNTIF('March 2026'!C6:AG6,"H2"),COUNTIF('April 2026'!C6:AF6,"H2"),COUNTIF('May 2026'!C6:AG6,"H2"),COUNTIF('June 2026'!C6:AF6,"H2"),COUNTIF('July 2026'!C6:AG6,"H2"),COUNTIF('August 2026'!C6:AG6,"H2"),COUNTIF('September 2026'!C6:AF6,"H2"),COUNTIF('October 2026'!C6:AG6,"H2"),COUNTIF('November 2026'!C6:AF6,"H2"),COUNTIF('December 2026'!C6:AG6,"H2")) -> 0 | M4: =SUM(COUNTIF('January 2026'!C6:AG6,"Q"),COUNTIF('February 2026'!C6:AD6,"Q"),COUNTIF('March 2026'!C6:AG6,"Q"),COUNTIF('April 2026'!C6:AF6,"Q"),COUNTIF('May 2026'!C6:AG6,"Q"),COUNTIF('June 2026'!C6:AF6,"Q"),COUNTIF('July 2026'!C6:AG6,"Q"),COUNTIF('August 2026'!C6:AG6,"Q"),COUNTIF('September 2026'!C6:AF6,"Q"),COUNTIF('October 2026'!C6:AG6,"Q"),COUNTIF('November 2026'!C6:AF6,"Q"),COUNTIF('December 2026'!C6:AG6,"Q")) -> 0 | N4: =SUM(COUNTIF('January 2026'!C6:AG6,"I"),COUNTIF('February 2026'!C6:AD6,"I"),COUNTIF('March 2026'!C6:AG6,"I"),COUNTIF('April 2026'!C6:AF6,"I"),COUNTIF('May 2026'!C6:AG6,"I"),COUNTIF('June 2026'!C6:AF6,"I"),COUNTIF('July 2026'!C6:AG6,"I"),COUNTIF('August 2026'!C6:AG6,"I"),COUNTIF('September 2026'!C6:AF6,"I"),COUNTIF('October 2026'!C6:AG6,"I"),COUNTIF('November 2026'!C6:AF6,"I"),COUNTIF('December 2026'!C6:AG6,"I")) -> 0 | O4: =SUM(COUNTIF('January 2026'!C6:AG6,"S"),COUNTIF('February 2026'!C6:AD6,"S"),COUNTIF('March 2026'!C6:AG6,"S"),COUNTIF('April 2026'!C6:AF6,"S"),COUNTIF('May 2026'!C6:AG6,"S"),COUNTIF('June 2026'!C6:AF6,"S"),COUNTIF('July 2026'!C6:AG6,"S"),COUNTIF('August 2026'!C6:AG6,"S"),COUNTIF('September 2026'!C6:AF6,"S"),COUNTIF('October 2026'!C6:AG6,"S"),COUNTIF('November 2026'!C6:AF6,"S"),COUNTIF('December 2026'!C6:AG6,"S")) -> 1 | P4: =SUM(COUNTIF('January 2026'!C6:AG6,"M"),COUNTIF('February 2026'!C6:AD6,"M"),COUNTIF('March 2026'!C6:AG6,"M"),COUNTIF('April 2026'!C6:AF6,"M"),COUNTIF('May 2026'!C6:AG6,"M"),COUNTIF('June 2026'!C6:AF6,"M"),COUNTIF('July 2026'!C6:AG6,"M"),COUNTIF('August 2026'!C6:AG6,"M"),COUNTIF('September 2026'!C6:AF6,"M"),COUNTIF('October 2026'!C6:AG6,"M"),COUNTIF('November 2026'!C6:AF6,"M"),COUNTIF('December 2026'!C6:AG6,"M")) -> 3 | Q4: =SUM(COUNTIF('January 2026'!C6:AG6,"C"),COUNTIF('February 2026'!C6:AD6,"C"),COUNTIF('March 2026'!C6:AG6,"C"),COUNTIF('April 2026'!C6:AF6,"C"),COUNTIF('May 2026'!C6:AG6,"C"),COUNTIF('June 2026'!C6:AF6,"C"),COUNTIF('July 2026'!C6:AG6,"C"),COUNTIF('August 2026'!C6:AG6,"C"),COUNTIF('September 2026'!C6:AF6,"C"),COUNTIF('October 2026'!C6:AG6,"C"),COUNTIF('November 2026'!C6:AF6,"C"),COUNTIF('December 2026'!C6:AG6,"C")) -> 0 | R4: =SUM(COUNTIF('January 2026'!C6:AG6,"V"),COUNTIF('February 2026'!C6:AD6,"V"),COUNTIF('March 2026'!C6:AG6,"V"),COUNTIF('April 2026'!C6:AF6,"V"),COUNTIF('May 2026'!C6:AG6,"V"),COUNTIF('June 2026'!C6:AF6,"V"),COUNTIF('July 2026'!C6:AG6,"V"),COUNTIF('August 2026'!C6:AG6,"V"),COUNTIF('September 2026'!C6:AF6,"V"),COUNTIF('October 2026'!C6:AG6,"V"),COUNTIF('November 2026'!C6:AF6,"V"),COUNTIF('December 2026'!C6:AG6,"V")) -> 2 | S4: =SUM(COUNTIF('January 2026'!C6:AG6,"A"),COUNTIF('February 2026'!C6:AD6,"A"),COUNTIF('March 2026'!C6:AG6,"A"),COUNTIF('April 2026'!C6:AF6,"A"),COUNTIF('May 2026'!C6:AG6,"A"),COUNTIF('June 2026'!C6:AF6,"A"),COUNTIF('July 2026'!C6:AG6,"A"),COUNTIF('August 2026'!C6:AG6,"A"),COUNTIF('September 2026'!C6:AF6,"A"),COUNTIF('October 2026'!C6:AG6,"A"),COUNTIF('November 2026'!C6:AF6,"A"),COUNTIF('December 2026'!C6:AG6,"A")) -> 0
A5: 6 | B5: ='January 2026'!B7 -> Emmanuel Tetteh | C5: 33 | D5: 1 | E5: =SUM(C5:D5) -> 34 | G5: =SUM('January 2026'!AH7,'February 2026'!AE7,'March 2026'!AH7,'April 2026'!AG7,'May 2026'!AH7,'June 2026'!AG7,'July 2026'!AH7,'August 2026'!AH7,'September 2026'!AG7,'October 2026'!AH7,'November 2026'!AG7,'December 2026'!AH7) -> 28.5 | H5: =E5-G5 -> 5.5 | J5: 12 | K5: =SUM(COUNTIF('January 2026'!C7:AG7,"H1"),COUNTIF('February 2026'!C7:AD7,"H1"),COUNTIF('March 2026'!C7:AG7,"H1"),COUNTIF('April 2026'!C7:AF7,"H1"),COUNTIF('May 2026'!C7:AG7,"H1"),COUNTIF('June 2026'!C7:AF7,"H1"),COUNTIF('July 2026'!C7:AG7,"H1"),COUNTIF('August 2026'!C7:AG7,"H1"),COUNTIF('September 2026'!C7:AF7,"H1"),COUNTIF('October 2026'!C7:AG7,"H1"),COUNTIF('November 2026'!C7:AF7,"H1"),COUNTIF('December 2026'!C7:AG7,"H1")) -> 0 | L5: =SUM(COUNTIF('January 2026'!C7:AG7,"H2"),COUNTIF('February 2026'!C7:AD7,"H2"),COUNTIF('March 2026'!C7:AG7,"H2"),COUNTIF('April 2026'!C7:AF7,"H2"),COUNTIF('May 2026'!C7:AG7,"H2"),COUNTIF('June 2026'!C7:AF7,"H2"),COUNTIF('July 2026'!C7:AG7,"H2"),COUNTIF('August 2026'!C7:AG7,"H2"),COUNTIF('September 2026'!C7:AF7,"H2"),COUNTIF('October 2026'!C7:AG7,"H2"),COUNTIF('November 2026'!C7:AF7,"H2"),COUNTIF('December 2026'!C7:AG7,"H2")) -> 1 | M5: =SUM(COUNTIF('January 2026'!C7:AG7,"Q"),COUNTIF('February 2026'!C7:AD7,"Q"),COUNTIF('March 2026'!C7:AG7,"Q"),COUNTIF('April 2026'!C7:AF7,"Q"),COUNTIF('May 2026'!C7:AG7,"Q"),COUNTIF('June 2026'!C7:AF7,"Q"),COUNTIF('July 2026'!C7:AG7,"Q"),COUNTIF('August 2026'!C7:AG7,"Q"),COUNTIF('September 2026'!C7:AF7,"Q"),COUNTIF('October 2026'!C7:AG7,"Q"),COUNTIF('November 2026'!C7:AF7,"Q"),COUNTIF('December 2026'!C7:AG7,"Q")) -> 0 | N5: =SUM(COUNTIF('January 2026'!C7:AG7,"I"),COUNTIF('February 2026'!C7:AD7,"I"),COUNTIF('March 2026'!C7:AG7,"I"),COUNTIF('April 2026'!C7:AF7,"I"),COUNTIF('May 2026'!C7:AG7,"I"),COUNTIF('June 2026'!C7:AF7,"I"),COUNTIF('July 2026'!C7:AG7,"I"),COUNTIF('August 2026'!C7:AG7,"I"),COUNTIF('September 2026'!C7:AF7,"I"),COUNTIF('October 2026'!C7:AG7,"I"),COUNTIF('November 2026'!C7:AF7,"I"),COUNTIF('December 2026'!C7:AG7,"I")) -> 1 | O5: =SUM(COUNTIF('January 2026'!C7:AG7,"S"),COUNTIF('February 2026'!C7:AD7,"S"),COUNTIF('March 2026'!C7:AG7,"S"),COUNTIF('April 2026'!C7:AF7,"S"),COUNTIF('May 2026'!C7:AG7,"S"),COUNTIF('June 2026'!C7:AF7,"S"),COUNTIF('July 2026'!C7:AG7,"S"),COUNTIF('August 2026'!C7:AG7,"S"),COUNTIF('September 2026'!C7:AF7,"S"),COUNTIF('October 2026'!C7:AG7,"S"),COUNTIF('November 2026'!C7:AF7,"S"),COUNTIF('December 2026'!C7:AG7,"S")) -> 7 | P5: =SUM(COUNTIF('January 2026'!C7:AG7,"M"),COUNTIF('February 2026'!C7:AD7,"M"),COUNTIF('March 2026'!C7:AG7,"M"),COUNTIF('April 2026'!C7:AF7,"M"),COUNTIF('May 2026'!C7:AG7,"M"),COUNTIF('June 2026'!C7:AF7,"M"),COUNTIF('July 2026'!C7:AG7,"M"),COUNTIF('August 2026'!C7:AG7,"M"),COUNTIF('September 2026'!C7:AF7,"M"),COUNTIF('October 2026'!C7:AG7,"M"),COUNTIF('November 2026'!C7:AF7,"M"),COUNTIF('December 2026'!C7:AG7,"M")) -> 2 | Q5: =SUM(COUNTIF('January 2026'!C7:AG7,"C"),COUNTIF('February 2026'!C7:AD7,"C"),COUNTIF('March 2026'!C7:AG7,"C"),COUNTIF('April 2026'!C7:AF7,"C"),COUNTIF('May 2026'!C7:AG7,"C"),COUNTIF('June 2026'!C7:AF7,"C"),COUNTIF('July 2026'!C7:AG7,"C"),COUNTIF('August 2026'!C7:AG7,"C"),COUNTIF('September 2026'!C7:AF7,"C"),COUNTIF('October 2026'!C7:AG7,"C"),COUNTIF('November 2026'!C7:AF7,"C"),COUNTIF('December 2026'!C7:AG7,"C")) -> 0 | R5: =SUM(COUNTIF('January 2026'!C7:AG7,"V"),COUNTIF('February 2026'!C7:AD7,"V"),COUNTIF('March 2026'!C7:AG7,"V"),COUNTIF('April 2026'!C7:AF7,"V"),COUNTIF('May 2026'!C7:AG7,"V"),COUNTIF('June 2026'!C7:AF7,"V"),COUNTIF('July 2026'!C7:AG7,"V"),COUNTIF('August 2026'!C7:AG7,"V"),COUNTIF('September 2026'!C7:AF7,"V"),COUNTIF('October 2026'!C7:AG7,"V"),COUNTIF('November 2026'!C7:AF7,"V"),COUNTIF('December 2026'!C7:AG7,"V")) -> 12 | S5: =SUM(COUNTIF('January 2026'!C7:AG7,"A"),COUNTIF('February 2026'!C7:AD7,"A"),COUNTIF('March 2026'!C7:AG7,"A"),COUNTIF('April 2026'!C7:AF7,"A"),COUNTIF('May 2026'!C7:AG7,"A"),COUNTIF('June 2026'!C7:AF7,"A"),COUNTIF('July 2026'!C7:AG7,"A"),COUNTIF('August 2026'!C7:AG7,"A"),COUNTIF('September 2026'!C7:AF7,"A"),COUNTIF('October 2026'!C7:AG7,"A"),COUNTIF('November 2026'!C7:AF7,"A"),COUNTIF('December 2026'!C7:AG7,"A")) -> 0
A6: 7 | B6: ='January 2026'!B8 -> Solomon Sefah | C6: 33 | D6: 5 | E6: =SUM(C6:D6) -> 38 | G6: =SUM('January 2026'!AH8,'February 2026'!AE8,'March 2026'!AH8,'April 2026'!AG8,'May 2026'!AH8,'June 2026'!AG8,'July 2026'!AH8,'August 2026'!AH8,'September 2026'!AG8,'October 2026'!AH8,'November 2026'!AG8,'December 2026'!AH8) -> 17 | H6: =E6-G6 -> 21 | J6: 12 | K6: =SUM(COUNTIF('January 2026'!C8:AG8,"H1"),COUNTIF('February 2026'!C8:AD8,"H1"),COUNTIF('March 2026'!C8:AG8,"H1"),COUNTIF('April 2026'!C8:AF8,"H1"),COUNTIF('May 2026'!C8:AG8,"H1"),COUNTIF('June 2026'!C8:AF8,"H1"),COUNTIF('July 2026'!C8:AG8,"H1"),COUNTIF('August 2026'!C8:AG8,"H1"),COUNTIF('September 2026'!C8:AF8,"H1"),COUNTIF('October 2026'!C8:AG8,"H1"),COUNTIF('November 2026'!C8:AF8,"H1"),COUNTIF('December 2026'!C8:AG8,"H1")) -> 0 | L6: =SUM(COUNTIF('January 2026'!C8:AG8,"H2"),COUNTIF('February 2026'!C8:AD8,"H2"),COUNTIF('March 2026'!C8:AG8,"H2"),COUNTIF('April 2026'!C8:AF8,"H2"),COUNTIF('May 2026'!C8:AG8,"H2"),COUNTIF('June 2026'!C8:AF8,"H2"),COUNTIF('July 2026'!C8:AG8,"H2"),COUNTIF('August 2026'!C8:AG8,"H2"),COUNTIF('September 2026'!C8:AF8,"H2"),COUNTIF('October 2026'!C8:AG8,"H2"),COUNTIF('November 2026'!C8:AF8,"H2"),COUNTIF('December 2026'!C8:AG8,"H2")) -> 0 | M6: =SUM(COUNTIF('January 2026'!C8:AG8,"Q"),COUNTIF('February 2026'!C8:AD8,"Q"),COUNTIF('March 2026'!C8:AG8,"Q"),COUNTIF('April 2026'!C8:AF8,"Q"),COUNTIF('May 2026'!C8:AG8,"Q"),COUNTIF('June 2026'!C8:AF8,"Q"),COUNTIF('July 2026'!C8:AG8,"Q"),COUNTIF('August 2026'!C8:AG8,"Q"),COUNTIF('September 2026'!C8:AF8,"Q"),COUNTIF('October 2026'!C8:AG8,"Q"),COUNTIF('November 2026'!C8:AF8,"Q"),COUNTIF('December 2026'!C8:AG8,"Q")) -> 0 | N6: =SUM(COUNTIF('January 2026'!C8:AG8,"I"),COUNTIF('February 2026'!C8:AD8,"I"),COUNTIF('March 2026'!C8:AG8,"I"),COUNTIF('April 2026'!C8:AF8,"I"),COUNTIF('May 2026'!C8:AG8,"I"),COUNTIF('June 2026'!C8:AF8,"I"),COUNTIF('July 2026'!C8:AG8,"I"),COUNTIF('August 2026'!C8:AG8,"I"),COUNTIF('September 2026'!C8:AF8,"I"),COUNTIF('October 2026'!C8:AG8,"I"),COUNTIF('November 2026'!C8:AF8,"I"),COUNTIF('December 2026'!C8:AG8,"I")) -> 0 | O6: =SUM(COUNTIF('January 2026'!C8:AG8,"S"),COUNTIF('February 2026'!C8:AD8,"S"),COUNTIF('March 2026'!C8:AG8,"S"),COUNTIF('April 2026'!C8:AF8,"S"),COUNTIF('May 2026'!C8:AG8,"S"),COUNTIF('June 2026'!C8:AF8,"S"),COUNTIF('July 2026'!C8:AG8,"S"),COUNTIF('August 2026'!C8:AG8,"S"),COUNTIF('September 2026'!C8:AF8,"S"),COUNTIF('October 2026'!C8:AG8,"S"),COUNTIF('November 2026'!C8:AF8,"S"),COUNTIF('December 2026'!C8:AG8,"S")) -> 8 | P6: =SUM(COUNTIF('January 2026'!C8:AG8,"M"),COUNTIF('February 2026'!C8:AD8,"M"),COUNTIF('March 2026'!C8:AG8,"M"),COUNTIF('April 2026'!C8:AF8,"M"),COUNTIF('May 2026'!C8:AG8,"M"),COUNTIF('June 2026'!C8:AF8,"M"),COUNTIF('July 2026'!C8:AG8,"M"),COUNTIF('August 2026'!C8:AG8,"M"),COUNTIF('September 2026'!C8:AF8,"M"),COUNTIF('October 2026'!C8:AG8,"M"),COUNTIF('November 2026'!C8:AF8,"M"),COUNTIF('December 2026'!C8:AG8,"M")) -> 1 | Q6: =SUM(COUNTIF('January 2026'!C8:AG8,"C"),COUNTIF('February 2026'!C8:AD8,"C"),COUNTIF('March 2026'!C8:AG8,"C"),COUNTIF('April 2026'!C8:AF8,"C"),COUNTIF('May 2026'!C8:AG8,"C"),COUNTIF('June 2026'!C8:AF8,"C"),COUNTIF('July 2026'!C8:AG8,"C"),COUNTIF('August 2026'!C8:AG8,"C"),COUNTIF('September 2026'!C8:AF8,"C"),COUNTIF('October 2026'!C8:AG8,"C"),COUNTIF('November 2026'!C8:AF8,"C"),COUNTIF('December 2026'!C8:AG8,"C")) -> 6 | R6: =SUM(COUNTIF('January 2026'!C8:AG8,"V"),COUNTIF('February 2026'!C8:AD8,"V"),COUNTIF('March 2026'!C8:AG8,"V"),COUNTIF('April 2026'!C8:AF8,"V"),COUNTIF('May 2026'!C8:AG8,"V"),COUNTIF('June 2026'!C8:AF8,"V"),COUNTIF('July 2026'!C8:AG8,"V"),COUNTIF('August 2026'!C8:AG8,"V"),COUNTIF('September 2026'!C8:AF8,"V"),COUNTIF('October 2026'!C8:AG8,"V"),COUNTIF('November 2026'!C8:AF8,"V"),COUNTIF('December 2026'!C8:AG8,"V")) -> 3 | S6: =SUM(COUNTIF('January 2026'!C8:AG8,"A"),COUNTIF('February 2026'!C8:AD8,"A"),COUNTIF('March 2026'!C8:AG8,"A"),COUNTIF('April 2026'!C8:AF8,"A"),COUNTIF('May 2026'!C8:AG8,"A"),COUNTIF('June 2026'!C8:AF8,"A"),COUNTIF('July 2026'!C8:AG8,"A"),COUNTIF('August 2026'!C8:AG8,"A"),COUNTIF('September 2026'!C8:AF8,"A"),COUNTIF('October 2026'!C8:AG8,"A"),COUNTIF('November 2026'!C8:AF8,"A"),COUNTIF('December 2026'!C8:AG8,"A")) -> 0
A7: 8 | B7: ='January 2026'!B9 -> Maame Lankar De Veer | C7: 33 | D7: 3 | E7: =SUM(C7:D7) -> 36 | G7: =SUM('January 2026'!AH9,'February 2026'!AE9,'March 2026'!AH9,'April 2026'!AG9,'May 2026'!AH9,'June 2026'!AG9,'July 2026'!AH9,'August 2026'!AH9,'September 2026'!AG9,'October 2026'!AH9,'November 2026'!AG9,'December 2026'!AH9) -> 22.5 | H7: =E7-G7 -> 13.5 | J7: 12 | K7: =SUM(COUNTIF('January 2026'!C9:AG9,"H1"),COUNTIF('February 2026'!C9:AD9,"H1"),COUNTIF('March 2026'!C9:AG9,"H1"),COUNTIF('April 2026'!C9:AF9,"H1"),COUNTIF('May 2026'!C9:AG9,"H1"),COUNTIF('June 2026'!C9:AF9,"H1"),COUNTIF('July 2026'!C9:AG9,"H1"),COUNTIF('August 2026'!C9:AG9,"H1"),COUNTIF('September 2026'!C9:AF9,"H1"),COUNTIF('October 2026'!C9:AG9,"H1"),COUNTIF('November 2026'!C9:AF9,"H1"),COUNTIF('December 2026'!C9:AG9,"H1")) -> 1 | L7: =SUM(COUNTIF('January 2026'!C9:AG9,"H2"),COUNTIF('February 2026'!C9:AD9,"H2"),COUNTIF('March 2026'!C9:AG9,"H2"),COUNTIF('April 2026'!C9:AF9,"H2"),COUNTIF('May 2026'!C9:AG9,"H2"),COUNTIF('June 2026'!C9:AF9,"H2"),COUNTIF('July 2026'!C9:AG9,"H2"),COUNTIF('August 2026'!C9:AG9,"H2"),COUNTIF('September 2026'!C9:AF9,"H2"),COUNTIF('October 2026'!C9:AG9,"H2"),COUNTIF('November 2026'!C9:AF9,"H2"),COUNTIF('December 2026'!C9:AG9,"H2")) -> 0 | M7: =SUM(COUNTIF('January 2026'!C9:AG9,"Q"),COUNTIF('February 2026'!C9:AD9,"Q"),COUNTIF('March 2026'!C9:AG9,"Q"),COUNTIF('April 2026'!C9:AF9,"Q"),COUNTIF('May 2026'!C9:AG9,"Q"),COUNTIF('June 2026'!C9:AF9,"Q"),COUNTIF('July 2026'!C9:AG9,"Q"),COUNTIF('August 2026'!C9:AG9,"Q"),COUNTIF('September 2026'!C9:AF9,"Q"),COUNTIF('October 2026'!C9:AG9,"Q"),COUNTIF('November 2026'!C9:AF9,"Q"),COUNTIF('December 2026'!C9:AG9,"Q")) -> 0 | N7: =SUM(COUNTIF('January 2026'!C9:AG9,"I"),COUNTIF('February 2026'!C9:AD9,"I"),COUNTIF('March 2026'!C9:AG9,"I"),COUNTIF('April 2026'!C9:AF9,"I"),COUNTIF('May 2026'!C9:AG9,"I"),COUNTIF('June 2026'!C9:AF9,"I"),COUNTIF('July 2026'!C9:AG9,"I"),COUNTIF('August 2026'!C9:AG9,"I"),COUNTIF('September 2026'!C9:AF9,"I"),COUNTIF('October 2026'!C9:AG9,"I"),COUNTIF('November 2026'!C9:AF9,"I"),COUNTIF('December 2026'!C9:AG9,"I")) -> 0 | O7: =SUM(COUNTIF('January 2026'!C9:AG9,"S"),COUNTIF('February 2026'!C9:AD9,"S"),COUNTIF('March 2026'!C9:AG9,"S"),COUNTIF('April 2026'!C9:AF9,"S"),COUNTIF('May 2026'!C9:AG9,"S"),COUNTIF('June 2026'!C9:AF9,"S"),COUNTIF('July 2026'!C9:AG9,"S"),COUNTIF('August 2026'!C9:AG9,"S"),COUNTIF('September 2026'!C9:AF9,"S"),COUNTIF('October 2026'!C9:AG9,"S"),COUNTIF('November 2026'!C9:AF9,"S"),COUNTIF('December 2026'!C9:AG9,"S")) -> 5 | P7: =SUM(COUNTIF('January 2026'!C9:AG9,"M"),COUNTIF('February 2026'!C9:AD9,"M"),COUNTIF('March 2026'!C9:AG9,"M"),COUNTIF('April 2026'!C9:AF9,"M"),COUNTIF('May 2026'!C9:AG9,"M"),COUNTIF('June 2026'!C9:AF9,"M"),COUNTIF('July 2026'!C9:AG9,"M"),COUNTIF('August 2026'!C9:AG9,"M"),COUNTIF('September 2026'!C9:AF9,"M"),COUNTIF('October 2026'!C9:AG9,"M"),COUNTIF('November 2026'!C9:AF9,"M"),COUNTIF('December 2026'!C9:AG9,"M")) -> 0 | Q7: =SUM(COUNTIF('January 2026'!C9:AG9,"C"),COUNTIF('February 2026'!C9:AD9,"C"),COUNTIF('March 2026'!C9:AG9,"C"),COUNTIF('April 2026'!C9:AF9,"C"),COUNTIF('May 2026'!C9:AG9,"C"),COUNTIF('June 2026'!C9:AF9,"C"),COUNTIF('July 2026'!C9:AG9,"C"),COUNTIF('August 2026'!C9:AG9,"C"),COUNTIF('September 2026'!C9:AF9,"C"),COUNTIF('October 2026'!C9:AG9,"C"),COUNTIF('November 2026'!C9:AF9,"C"),COUNTIF('December 2026'!C9:AG9,"C")) -> 1 | R7: =SUM(COUNTIF('January 2026'!C9:AG9,"V"),COUNTIF('February 2026'!C9:AD9,"V"),COUNTIF('March 2026'!C9:AG9,"V"),COUNTIF('April 2026'!C9:AF9,"V"),COUNTIF('May 2026'!C9:AG9,"V"),COUNTIF('June 2026'!C9:AF9,"V"),COUNTIF('July 2026'!C9:AG9,"V"),COUNTIF('August 2026'!C9:AG9,"V"),COUNTIF('September 2026'!C9:AF9,"V"),COUNTIF('October 2026'!C9:AG9,"V"),COUNTIF('November 2026'!C9:AF9,"V"),COUNTIF('December 2026'!C9:AG9,"V")) -> 9 | S7: =SUM(COUNTIF('January 2026'!C9:AG9,"A"),COUNTIF('February 2026'!C9:AD9,"A"),COUNTIF('March 2026'!C9:AG9,"A"),COUNTIF('April 2026'!C9:AF9,"A"),COUNTIF('May 2026'!C9:AG9,"A"),COUNTIF('June 2026'!C9:AF9,"A"),COUNTIF('July 2026'!C9:AG9,"A"),COUNTIF('August 2026'!C9:AG9,"A"),COUNTIF('September 2026'!C9:AF9,"A"),COUNTIF('October 2026'!C9:AG9,"A"),COUNTIF('November 2026'!C9:AF9,"A"),COUNTIF('December 2026'!C9:AG9,"A")) -> 0
A8: 9 | B8: ='January 2026'!B10 -> Joel Akwesi Opoku | C8: 33 | E8: =SUM(C8:D8) -> 33 | G8: =SUM('January 2026'!AH10,'February 2026'!AE10,'March 2026'!AH10,'April 2026'!AG10,'May 2026'!AH10,'June 2026'!AG10,'July 2026'!AH10,'August 2026'!AH10,'September 2026'!AG10,'October 2026'!AH10,'November 2026'!AG10,'December 2026'!AH10) -> 22 | H8: =E8-G8 -> 11 | J8: 12 | K8: =SUM(COUNTIF('January 2026'!C10:AG10,"H1"),COUNTIF('February 2026'!C10:AD10,"H1"),COUNTIF('March 2026'!C10:AG10,"H1"),COUNTIF('April 2026'!C10:AF10,"H1"),COUNTIF('May 2026'!C10:AG10,"H1"),COUNTIF('June 2026'!C10:AF10,"H1"),COUNTIF('July 2026'!C10:AG10,"H1"),COUNTIF('August 2026'!C10:AG10,"H1"),COUNTIF('September 2026'!C10:AF10,"H1"),COUNTIF('October 2026'!C10:AG10,"H1"),COUNTIF('November 2026'!C10:AF10,"H1"),COUNTIF('December 2026'!C10:AG10,"H1")) -> 0 | L8: =SUM(COUNTIF('January 2026'!C10:AG10,"H2"),COUNTIF('February 2026'!C10:AD10,"H2"),COUNTIF('March 2026'!C10:AG10,"H2"),COUNTIF('April 2026'!C10:AF10,"H2"),COUNTIF('May 2026'!C10:AG10,"H2"),COUNTIF('June 2026'!C10:AF10,"H2"),COUNTIF('July 2026'!C10:AG10,"H2"),COUNTIF('August 2026'!C10:AG10,"H2"),COUNTIF('September 2026'!C10:AF10,"H2"),COUNTIF('October 2026'!C10:AG10,"H2"),COUNTIF('November 2026'!C10:AF10,"H2"),COUNTIF('December 2026'!C10:AG10,"H2")) -> 0 | M8: =SUM(COUNTIF('January 2026'!C10:AG10,"Q"),COUNTIF('February 2026'!C10:AD10,"Q"),COUNTIF('March 2026'!C10:AG10,"Q"),COUNTIF('April 2026'!C10:AF10,"Q"),COUNTIF('May 2026'!C10:AG10,"Q"),COUNTIF('June 2026'!C10:AF10,"Q"),COUNTIF('July 2026'!C10:AG10,"Q"),COUNTIF('August 2026'!C10:AG10,"Q"),COUNTIF('September 2026'!C10:AF10,"Q"),COUNTIF('October 2026'!C10:AG10,"Q"),COUNTIF('November 2026'!C10:AF10,"Q"),COUNTIF('December 2026'!C10:AG10,"Q")) -> 0 | N8: =SUM(COUNTIF('January 2026'!C10:AG10,"I"),COUNTIF('February 2026'!C10:AD10,"I"),COUNTIF('March 2026'!C10:AG10,"I"),COUNTIF('April 2026'!C10:AF10,"I"),COUNTIF('May 2026'!C10:AG10,"I"),COUNTIF('June 2026'!C10:AF10,"I"),COUNTIF('July 2026'!C10:AG10,"I"),COUNTIF('August 2026'!C10:AG10,"I"),COUNTIF('September 2026'!C10:AF10,"I"),COUNTIF('October 2026'!C10:AG10,"I"),COUNTIF('November 2026'!C10:AF10,"I"),COUNTIF('December 2026'!C10:AG10,"I")) -> 0 | O8: =SUM(COUNTIF('January 2026'!C10:AG10,"S"),COUNTIF('February 2026'!C10:AD10,"S"),COUNTIF('March 2026'!C10:AG10,"S"),COUNTIF('April 2026'!C10:AF10,"S"),COUNTIF('May 2026'!C10:AG10,"S"),COUNTIF('June 2026'!C10:AF10,"S"),COUNTIF('July 2026'!C10:AG10,"S"),COUNTIF('August 2026'!C10:AG10,"S"),COUNTIF('September 2026'!C10:AF10,"S"),COUNTIF('October 2026'!C10:AG10,"S"),COUNTIF('November 2026'!C10:AF10,"S"),COUNTIF('December 2026'!C10:AG10,"S")) -> 1 | P8: =SUM(COUNTIF('January 2026'!C10:AG10,"M"),COUNTIF('February 2026'!C10:AD10,"M"),COUNTIF('March 2026'!C10:AG10,"M"),COUNTIF('April 2026'!C10:AF10,"M"),COUNTIF('May 2026'!C10:AG10,"M"),COUNTIF('June 2026'!C10:AF10,"M"),COUNTIF('July 2026'!C10:AG10,"M"),COUNTIF('August 2026'!C10:AG10,"M"),COUNTIF('September 2026'!C10:AF10,"M"),COUNTIF('October 2026'!C10:AG10,"M"),COUNTIF('November 2026'!C10:AF10,"M"),COUNTIF('December 2026'!C10:AG10,"M")) -> 0 | Q8: =SUM(COUNTIF('January 2026'!C10:AG10,"C"),COUNTIF('February 2026'!C10:AD10,"C"),COUNTIF('March 2026'!C10:AG10,"C"),COUNTIF('April 2026'!C10:AF10,"C"),COUNTIF('May 2026'!C10:AG10,"C"),COUNTIF('June 2026'!C10:AF10,"C"),COUNTIF('July 2026'!C10:AG10,"C"),COUNTIF('August 2026'!C10:AG10,"C"),COUNTIF('September 2026'!C10:AF10,"C"),COUNTIF('October 2026'!C10:AG10,"C"),COUNTIF('November 2026'!C10:AF10,"C"),COUNTIF('December 2026'!C10:AG10,"C")) -> 0 | R8: =SUM(COUNTIF('January 2026'!C10:AG10,"V"),COUNTIF('February 2026'!C10:AD10,"V"),COUNTIF('March 2026'!C10:AG10,"V"),COUNTIF('April 2026'!C10:AF10,"V"),COUNTIF('May 2026'!C10:AG10,"V"),COUNTIF('June 2026'!C10:AF10,"V"),COUNTIF('July 2026'!C10:AG10,"V"),COUNTIF('August 2026'!C10:AG10,"V"),COUNTIF('September 2026'!C10:AF10,"V"),COUNTIF('October 2026'!C10:AG10,"V"),COUNTIF('November 2026'!C10:AF10,"V"),COUNTIF('December 2026'!C10:AG10,"V")) -> 9 | S8: =SUM(COUNTIF('January 2026'!C10:AG10,"A"),COUNTIF('February 2026'!C10:AD10,"A"),COUNTIF('March 2026'!C10:AG10,"A"),COUNTIF('April 2026'!C10:AF10,"A"),COUNTIF('May 2026'!C10:AG10,"A"),COUNTIF('June 2026'!C10:AF10,"A"),COUNTIF('July 2026'!C10:AG10,"A"),COUNTIF('August 2026'!C10:AG10,"A"),COUNTIF('September 2026'!C10:AF10,"A"),COUNTIF('October 2026'!C10:AG10,"A"),COUNTIF('November 2026'!C10:AF10,"A"),COUNTIF('December 2026'!C10:AG10,"A")) -> 0
A9: 11 | B9: ='January 2026'!B11 -> Samuel Napaa | C9: 33 | D9: 1 | E9: =SUM(C9:D9) -> 34 | G9: =SUM('January 2026'!AH11,'February 2026'!AE11,'March 2026'!AH11,'April 2026'!AG11,'May 2026'!AH11,'June 2026'!AG11,'July 2026'!AH11,'August 2026'!AH11,'September 2026'!AG11,'October 2026'!AH11,'November 2026'!AG11,'December 2026'!AH11) -> 17 | H9: =E9-G9 -> 17 | J9: 12 | K9: =SUM(COUNTIF('January 2026'!C11:AG11,"H1"),COUNTIF('February 2026'!C11:AD11,"H1"),COUNTIF('March 2026'!C11:AG11,"H1"),COUNTIF('April 2026'!C11:AF11,"H1"),COUNTIF('May 2026'!C11:AG11,"H1"),COUNTIF('June 2026'!C11:AF11,"H1"),COUNTIF('July 2026'!C11:AG11,"H1"),COUNTIF('August 2026'!C11:AG11,"H1"),COUNTIF('September 2026'!C11:AF11,"H1"),COUNTIF('October 2026'!C11:AG11,"H1"),COUNTIF('November 2026'!C11:AF11,"H1"),COUNTIF('December 2026'!C11:AG11,"H1")) -> 1 | L9: =SUM(COUNTIF('January 2026'!C11:AG11,"H2"),COUNTIF('February 2026'!C11:AD11,"H2"),COUNTIF('March 2026'!C11:AG11,"H2"),COUNTIF('April 2026'!C11:AF11,"H2"),COUNTIF('May 2026'!C11:AG11,"H2"),COUNTIF('June 2026'!C11:AF11,"H2"),COUNTIF('July 2026'!C11:AG11,"H2"),COUNTIF('August 2026'!C11:AG11,"H2"),COUNTIF('September 2026'!C11:AF11,"H2"),COUNTIF('October 2026'!C11:AG11,"H2"),COUNTIF('November 2026'!C11:AF11,"H2"),COUNTIF('December 2026'!C11:AG11,"H2")) -> 1 | M9: =SUM(COUNTIF('January 2026'!C11:AG11,"Q"),COUNTIF('February 2026'!C11:AD11,"Q"),COUNTIF('March 2026'!C11:AG11,"Q"),COUNTIF('April 2026'!C11:AF11,"Q"),COUNTIF('May 2026'!C11:AG11,"Q"),COUNTIF('June 2026'!C11:AF11,"Q"),COUNTIF('July 2026'!C11:AG11,"Q"),COUNTIF('August 2026'!C11:AG11,"Q"),COUNTIF('September 2026'!C11:AF11,"Q"),COUNTIF('October 2026'!C11:AG11,"Q"),COUNTIF('November 2026'!C11:AF11,"Q"),COUNTIF('December 2026'!C11:AG11,"Q")) -> 0 | N9: =SUM(COUNTIF('January 2026'!C11:AG11,"I"),COUNTIF('February 2026'!C11:AD11,"I"),COUNTIF('March 2026'!C11:AG11,"I"),COUNTIF('April 2026'!C11:AF11,"I"),COUNTIF('May 2026'!C11:AG11,"I"),COUNTIF('June 2026'!C11:AF11,"I"),COUNTIF('July 2026'!C11:AG11,"I"),COUNTIF('August 2026'!C11:AG11,"I"),COUNTIF('September 2026'!C11:AF11,"I"),COUNTIF('October 2026'!C11:AG11,"I"),COUNTIF('November 2026'!C11:AF11,"I"),COUNTIF('December 2026'!C11:AG11,"I")) -> 0 | O9: =SUM(COUNTIF('January 2026'!C11:AG11,"S"),COUNTIF('February 2026'!C11:AD11,"S"),COUNTIF('March 2026'!C11:AG11,"S"),COUNTIF('April 2026'!C11:AF11,"S"),COUNTIF('May 2026'!C11:AG11,"S"),COUNTIF('June 2026'!C11:AF11,"S"),COUNTIF('July 2026'!C11:AG11,"S"),COUNTIF('August 2026'!C11:AG11,"S"),COUNTIF('September 2026'!C11:AF11,"S"),COUNTIF('October 2026'!C11:AG11,"S"),COUNTIF('November 2026'!C11:AF11,"S"),COUNTIF('December 2026'!C11:AG11,"S")) -> 7 | P9: =SUM(COUNTIF('January 2026'!C11:AG11,"M"),COUNTIF('February 2026'!C11:AD11,"M"),COUNTIF('March 2026'!C11:AG11,"M"),COUNTIF('April 2026'!C11:AF11,"M"),COUNTIF('May 2026'!C11:AG11,"M"),COUNTIF('June 2026'!C11:AF11,"M"),COUNTIF('July 2026'!C11:AG11,"M"),COUNTIF('August 2026'!C11:AG11,"M"),COUNTIF('September 2026'!C11:AF11,"M"),COUNTIF('October 2026'!C11:AG11,"M"),COUNTIF('November 2026'!C11:AF11,"M"),COUNTIF('December 2026'!C11:AG11,"M")) -> 0 | Q9: =SUM(COUNTIF('January 2026'!C11:AG11,"C"),COUNTIF('February 2026'!C11:AD11,"C"),COUNTIF('March 2026'!C11:AG11,"C"),COUNTIF('April 2026'!C11:AF11,"C"),COUNTIF('May 2026'!C11:AG11,"C"),COUNTIF('June 2026'!C11:AF11,"C"),COUNTIF('July 2026'!C11:AG11,"C"),COUNTIF('August 2026'!C11:AG11,"C"),COUNTIF('September 2026'!C11:AF11,"C"),COUNTIF('October 2026'!C11:AG11,"C"),COUNTIF('November 2026'!C11:AF11,"C"),COUNTIF('December 2026'!C11:AG11,"C")) -> 0 | R9: =SUM(COUNTIF('January 2026'!C11:AG11,"V"),COUNTIF('February 2026'!C11:AD11,"V"),COUNTIF('March 2026'!C11:AG11,"V"),COUNTIF('April 2026'!C11:AF11,"V"),COUNTIF('May 2026'!C11:AG11,"V"),COUNTIF('June 2026'!C11:AF11,"V"),COUNTIF('July 2026'!C11:AG11,"V"),COUNTIF('August 2026'!C11:AG11,"V"),COUNTIF('September 2026'!C11:AF11,"V"),COUNTIF('October 2026'!C11:AG11,"V"),COUNTIF('November 2026'!C11:AF11,"V"),COUNTIF('December 2026'!C11:AG11,"V")) -> 3 | S9: =SUM(COUNTIF('January 2026'!C11:AG11,"A"),COUNTIF('February 2026'!C11:AD11,"A"),COUNTIF('March 2026'!C11:AG11,"A"),COUNTIF('April 2026'!C11:AF11,"A"),COUNTIF('May 2026'!C11:AG11,"A"),COUNTIF('June 2026'!C11:AF11,"A"),COUNTIF('July 2026'!C11:AG11,"A"),COUNTIF('August 2026'!C11:AG11,"A"),COUNTIF('September 2026'!C11:AF11,"A"),COUNTIF('October 2026'!C11:AG11,"A"),COUNTIF('November 2026'!C11:AF11,"A"),COUNTIF('December 2026'!C11:AG11,"A")) -> 0
A10: 13 | B10: ='January 2026'!B12 -> Cyril Elorm Dzamaklu | C10: 33 | D10: 2 | E10: =SUM(C10:D10) -> 35 | G10: =SUM('January 2026'!AH12,'February 2026'!AE12,'March 2026'!AH12,'April 2026'!AG12,'May 2026'!AH12,'June 2026'!AG12,'July 2026'!AH12,'August 2026'!AH12,'September 2026'!AG12,'October 2026'!AH12,'November 2026'!AG12,'December 2026'!AH12) -> 21 | H10: =E10-G10 -> 14 | J10: 12 | K10: =SUM(COUNTIF('January 2026'!C12:AG12,"H1"),COUNTIF('February 2026'!C12:AD12,"H1"),COUNTIF('March 2026'!C12:AG12,"H1"),COUNTIF('April 2026'!C12:AF12,"H1"),COUNTIF('May 2026'!C12:AG12,"H1"),COUNTIF('June 2026'!C12:AF12,"H1"),COUNTIF('July 2026'!C12:AG12,"H1"),COUNTIF('August 2026'!C12:AG12,"H1"),COUNTIF('September 2026'!C12:AF12,"H1"),COUNTIF('October 2026'!C12:AG12,"H1"),COUNTIF('November 2026'!C12:AF12,"H1"),COUNTIF('December 2026'!C12:AG12,"H1")) -> 0 | L10: =SUM(COUNTIF('January 2026'!C12:AG12,"H2"),COUNTIF('February 2026'!C12:AD12,"H2"),COUNTIF('March 2026'!C12:AG12,"H2"),COUNTIF('April 2026'!C12:AF12,"H2"),COUNTIF('May 2026'!C12:AG12,"H2"),COUNTIF('June 2026'!C12:AF12,"H2"),COUNTIF('July 2026'!C12:AG12,"H2"),COUNTIF('August 2026'!C12:AG12,"H2"),COUNTIF('September 2026'!C12:AF12,"H2"),COUNTIF('October 2026'!C12:AG12,"H2"),COUNTIF('November 2026'!C12:AF12,"H2"),COUNTIF('December 2026'!C12:AG12,"H2")) -> 0 | M10: =SUM(COUNTIF('January 2026'!C12:AG12,"Q"),COUNTIF('February 2026'!C12:AD12,"Q"),COUNTIF('March 2026'!C12:AG12,"Q"),COUNTIF('April 2026'!C12:AF12,"Q"),COUNTIF('May 2026'!C12:AG12,"Q"),COUNTIF('June 2026'!C12:AF12,"Q"),COUNTIF('July 2026'!C12:AG12,"Q"),COUNTIF('August 2026'!C12:AG12,"Q"),COUNTIF('September 2026'!C12:AF12,"Q"),COUNTIF('October 2026'!C12:AG12,"Q"),COUNTIF('November 2026'!C12:AF12,"Q"),COUNTIF('December 2026'!C12:AG12,"Q")) -> 0 | N10: =SUM(COUNTIF('January 2026'!C12:AG12,"I"),COUNTIF('February 2026'!C12:AD12,"I"),COUNTIF('March 2026'!C12:AG12,"I"),COUNTIF('April 2026'!C12:AF12,"I"),COUNTIF('May 2026'!C12:AG12,"I"),COUNTIF('June 2026'!C12:AF12,"I"),COUNTIF('July 2026'!C12:AG12,"I"),COUNTIF('August 2026'!C12:AG12,"I"),COUNTIF('September 2026'!C12:AF12,"I"),COUNTIF('October 2026'!C12:AG12,"I"),COUNTIF('November 2026'!C12:AF12,"I"),COUNTIF('December 2026'!C12:AG12,"I")) -> 0 | O10: =SUM(COUNTIF('January 2026'!C12:AG12,"S"),COUNTIF('February 2026'!C12:AD12,"S"),COUNTIF('March 2026'!C12:AG12,"S"),COUNTIF('April 2026'!C12:AF12,"S"),COUNTIF('May 2026'!C12:AG12,"S"),COUNTIF('June 2026'!C12:AF12,"S"),COUNTIF('July 2026'!C12:AG12,"S"),COUNTIF('August 2026'!C12:AG12,"S"),COUNTIF('September 2026'!C12:AF12,"S"),COUNTIF('October 2026'!C12:AG12,"S"),COUNTIF('November 2026'!C12:AF12,"S"),COUNTIF('December 2026'!C12:AG12,"S")) -> 0 | P10: =SUM(COUNTIF('January 2026'!C12:AG12,"M"),COUNTIF('February 2026'!C12:AD12,"M"),COUNTIF('March 2026'!C12:AG12,"M"),COUNTIF('April 2026'!C12:AF12,"M"),COUNTIF('May 2026'!C12:AG12,"M"),COUNTIF('June 2026'!C12:AF12,"M"),COUNTIF('July 2026'!C12:AG12,"M"),COUNTIF('August 2026'!C12:AG12,"M"),COUNTIF('September 2026'!C12:AF12,"M"),COUNTIF('October 2026'!C12:AG12,"M"),COUNTIF('November 2026'!C12:AF12,"M"),COUNTIF('December 2026'!C12:AG12,"M")) -> 0 | Q10: =SUM(COUNTIF('January 2026'!C12:AG12,"C"),COUNTIF('February 2026'!C12:AD12,"C"),COUNTIF('March 2026'!C12:AG12,"C"),COUNTIF('April 2026'!C12:AF12,"C"),COUNTIF('May 2026'!C12:AG12,"C"),COUNTIF('June 2026'!C12:AF12,"C"),COUNTIF('July 2026'!C12:AG12,"C"),COUNTIF('August 2026'!C12:AG12,"C"),COUNTIF('September 2026'!C12:AF12,"C"),COUNTIF('October 2026'!C12:AG12,"C"),COUNTIF('November 2026'!C12:AF12,"C"),COUNTIF('December 2026'!C12:AG12,"C")) -> 1 | R10: =SUM(COUNTIF('January 2026'!C12:AG12,"V"),COUNTIF('February 2026'!C12:AD12,"V"),COUNTIF('March 2026'!C12:AG12,"V"),COUNTIF('April 2026'!C12:AF12,"V"),COUNTIF('May 2026'!C12:AG12,"V"),COUNTIF('June 2026'!C12:AF12,"V"),COUNTIF('July 2026'!C12:AG12,"V"),COUNTIF('August 2026'!C12:AG12,"V"),COUNTIF('September 2026'!C12:AF12,"V"),COUNTIF('October 2026'!C12:AG12,"V"),COUNTIF('November 2026'!C12:AF12,"V"),COUNTIF('December 2026'!C12:AG12,"V")) -> 8 | S10: =SUM(COUNTIF('January 2026'!C12:AG12,"A"),COUNTIF('February 2026'!C12:AD12,"A"),COUNTIF('March 2026'!C12:AG12,"A"),COUNTIF('April 2026'!C12:AF12,"A"),COUNTIF('May 2026'!C12:AG12,"A"),COUNTIF('June 2026'!C12:AF12,"A"),COUNTIF('July 2026'!C12:AG12,"A"),COUNTIF('August 2026'!C12:AG12,"A"),COUNTIF('September 2026'!C12:AF12,"A"),COUNTIF('October 2026'!C12:AG12,"A"),COUNTIF('November 2026'!C12:AF12,"A"),COUNTIF('December 2026'!C12:AG12,"A")) -> 0
A11: 14 | B11: ='January 2026'!B13 -> Edwin Sedem Lawuiekpor | C11: 33 | E11: =SUM(C11:D11) -> 33 | G11: =SUM('January 2026'!AH13,'February 2026'!AE13,'March 2026'!AH13,'April 2026'!AG13,'May 2026'!AH13,'June 2026'!AG13,'July 2026'!AH13,'August 2026'!AH13,'September 2026'!AG13,'October 2026'!AH13,'November 2026'!AG13,'December 2026'!AH13) -> 16.5 | H11: =E11-G11 -> 16.5 | J11: 12 | K11: =SUM(COUNTIF('January 2026'!C13:AG13,"H1"),COUNTIF('February 2026'!C13:AD13,"H1"),COUNTIF('March 2026'!C13:AG13,"H1"),COUNTIF('April 2026'!C13:AF13,"H1"),COUNTIF('May 2026'!C13:AG13,"H1"),COUNTIF('June 2026'!C13:AF13,"H1"),COUNTIF('July 2026'!C13:AG13,"H1"),COUNTIF('August 2026'!C13:AG13,"H1"),COUNTIF('September 2026'!C13:AF13,"H1"),COUNTIF('October 2026'!C13:AG13,"H1"),COUNTIF('November 2026'!C13:AF13,"H1"),COUNTIF('December 2026'!C13:AG13,"H1")) -> 0 | L11: =SUM(COUNTIF('January 2026'!C13:AG13,"H2"),COUNTIF('February 2026'!C13:AD13,"H2"),COUNTIF('March 2026'!C13:AG13,"H2"),COUNTIF('April 2026'!C13:AF13,"H2"),COUNTIF('May 2026'!C13:AG13,"H2"),COUNTIF('June 2026'!C13:AF13,"H2"),COUNTIF('July 2026'!C13:AG13,"H2"),COUNTIF('August 2026'!C13:AG13,"H2"),COUNTIF('September 2026'!C13:AF13,"H2"),COUNTIF('October 2026'!C13:AG13,"H2"),COUNTIF('November 2026'!C13:AF13,"H2"),COUNTIF('December 2026'!C13:AG13,"H2")) -> 1 | M11: =SUM(COUNTIF('January 2026'!C13:AG13,"Q"),COUNTIF('February 2026'!C13:AD13,"Q"),COUNTIF('March 2026'!C13:AG13,"Q"),COUNTIF('April 2026'!C13:AF13,"Q"),COUNTIF('May 2026'!C13:AG13,"Q"),COUNTIF('June 2026'!C13:AF13,"Q"),COUNTIF('July 2026'!C13:AG13,"Q"),COUNTIF('August 2026'!C13:AG13,"Q"),COUNTIF('September 2026'!C13:AF13,"Q"),COUNTIF('October 2026'!C13:AG13,"Q"),COUNTIF('November 2026'!C13:AF13,"Q"),COUNTIF('December 2026'!C13:AG13,"Q")) -> 0 | N11: =SUM(COUNTIF('January 2026'!C13:AG13,"I"),COUNTIF('February 2026'!C13:AD13,"I"),COUNTIF('March 2026'!C13:AG13,"I"),COUNTIF('April 2026'!C13:AF13,"I"),COUNTIF('May 2026'!C13:AG13,"I"),COUNTIF('June 2026'!C13:AF13,"I"),COUNTIF('July 2026'!C13:AG13,"I"),COUNTIF('August 2026'!C13:AG13,"I"),COUNTIF('September 2026'!C13:AF13,"I"),COUNTIF('October 2026'!C13:AG13,"I"),COUNTIF('November 2026'!C13:AF13,"I"),COUNTIF('December 2026'!C13:AG13,"I")) -> 0 | O11: =SUM(COUNTIF('January 2026'!C13:AG13,"S"),COUNTIF('February 2026'!C13:AD13,"S"),COUNTIF('March 2026'!C13:AG13,"S"),COUNTIF('April 2026'!C13:AF13,"S"),COUNTIF('May 2026'!C13:AG13,"S"),COUNTIF('June 2026'!C13:AF13,"S"),COUNTIF('July 2026'!C13:AG13,"S"),COUNTIF('August 2026'!C13:AG13,"S"),COUNTIF('September 2026'!C13:AF13,"S"),COUNTIF('October 2026'!C13:AG13,"S"),COUNTIF('November 2026'!C13:AF13,"S"),COUNTIF('December 2026'!C13:AG13,"S")) -> 4 | P11: =SUM(COUNTIF('January 2026'!C13:AG13,"M"),COUNTIF('February 2026'!C13:AD13,"M"),COUNTIF('March 2026'!C13:AG13,"M"),COUNTIF('April 2026'!C13:AF13,"M"),COUNTIF('May 2026'!C13:AG13,"M"),COUNTIF('June 2026'!C13:AF13,"M"),COUNTIF('July 2026'!C13:AG13,"M"),COUNTIF('August 2026'!C13:AG13,"M"),COUNTIF('September 2026'!C13:AF13,"M"),COUNTIF('October 2026'!C13:AG13,"M"),COUNTIF('November 2026'!C13:AF13,"M"),COUNTIF('December 2026'!C13:AG13,"M")) -> 0 | Q11: =SUM(COUNTIF('January 2026'!C13:AG13,"C"),COUNTIF('February 2026'!C13:AD13,"C"),COUNTIF('March 2026'!C13:AG13,"C"),COUNTIF('April 2026'!C13:AF13,"C"),COUNTIF('May 2026'!C13:AG13,"C"),COUNTIF('June 2026'!C13:AF13,"C"),COUNTIF('July 2026'!C13:AG13,"C"),COUNTIF('August 2026'!C13:AG13,"C"),COUNTIF('September 2026'!C13:AF13,"C"),COUNTIF('October 2026'!C13:AG13,"C"),COUNTIF('November 2026'!C13:AF13,"C"),COUNTIF('December 2026'!C13:AG13,"C")) -> 0 | R11: =SUM(COUNTIF('January 2026'!C13:AG13,"V"),COUNTIF('February 2026'!C13:AD13,"V"),COUNTIF('March 2026'!C13:AG13,"V"),COUNTIF('April 2026'!C13:AF13,"V"),COUNTIF('May 2026'!C13:AG13,"V"),COUNTIF('June 2026'!C13:AF13,"V"),COUNTIF('July 2026'!C13:AG13,"V"),COUNTIF('August 2026'!C13:AG13,"V"),COUNTIF('September 2026'!C13:AF13,"V"),COUNTIF('October 2026'!C13:AG13,"V"),COUNTIF('November 2026'!C13:AF13,"V"),COUNTIF('December 2026'!C13:AG13,"V")) -> 3 | S11: =SUM(COUNTIF('January 2026'!C13:AG13,"A"),COUNTIF('February 2026'!C13:AD13,"A"),COUNTIF('March 2026'!C13:AG13,"A"),COUNTIF('April 2026'!C13:AF13,"A"),COUNTIF('May 2026'!C13:AG13,"A"),COUNTIF('June 2026'!C13:AF13,"A"),COUNTIF('July 2026'!C13:AG13,"A"),COUNTIF('August 2026'!C13:AG13,"A"),COUNTIF('September 2026'!C13:AF13,"A"),COUNTIF('October 2026'!C13:AG13,"A"),COUNTIF('November 2026'!C13:AF13,"A"),COUNTIF('December 2026'!C13:AG13,"A")) -> 0
A12: 15 | B12: ='January 2026'!B14 -> Emmanuel Quansah | C12: 33 | E12: =SUM(C12:D12) -> 33 | G12: =SUM('January 2026'!AH14,'February 2026'!AE14,'March 2026'!AH14,'April 2026'!AG14,'May 2026'!AH14,'June 2026'!AG14,'July 2026'!AH14,'August 2026'!AH14,'September 2026'!AG14,'October 2026'!AH14,'November 2026'!AG14,'December 2026'!AH14) -> 19 | H12: =E12-G12 -> 14 | J12: 12 | K12: =SUM(COUNTIF('January 2026'!C14:AG14,"H1"),COUNTIF('February 2026'!C14:AD14,"H1"),COUNTIF('March 2026'!C14:AG14,"H1"),COUNTIF('April 2026'!C14:AF14,"H1"),COUNTIF('May 2026'!C14:AG14,"H1"),COUNTIF('June 2026'!C14:AF14,"H1"),COUNTIF('July 2026'!C14:AG14,"H1"),COUNTIF('August 2026'!C14:AG14,"H1"),COUNTIF('September 2026'!C14:AF14,"H1"),COUNTIF('October 2026'!C14:AG14,"H1"),COUNTIF('November 2026'!C14:AF14,"H1"),COUNTIF('December 2026'!C14:AG14,"H1")) -> 0 | L12: =SUM(COUNTIF('January 2026'!C14:AG14,"H2"),COUNTIF('February 2026'!C14:AD14,"H2"),COUNTIF('March 2026'!C14:AG14,"H2"),COUNTIF('April 2026'!C14:AF14,"H2"),COUNTIF('May 2026'!C14:AG14,"H2"),COUNTIF('June 2026'!C14:AF14,"H2"),COUNTIF('July 2026'!C14:AG14,"H2"),COUNTIF('August 2026'!C14:AG14,"H2"),COUNTIF('September 2026'!C14:AF14,"H2"),COUNTIF('October 2026'!C14:AG14,"H2"),COUNTIF('November 2026'!C14:AF14,"H2"),COUNTIF('December 2026'!C14:AG14,"H2")) -> 0 | M12: =SUM(COUNTIF('January 2026'!C14:AG14,"Q"),COUNTIF('February 2026'!C14:AD14,"Q"),COUNTIF('March 2026'!C14:AG14,"Q"),COUNTIF('April 2026'!C14:AF14,"Q"),COUNTIF('May 2026'!C14:AG14,"Q"),COUNTIF('June 2026'!C14:AF14,"Q"),COUNTIF('July 2026'!C14:AG14,"Q"),COUNTIF('August 2026'!C14:AG14,"Q"),COUNTIF('September 2026'!C14:AF14,"Q"),COUNTIF('October 2026'!C14:AG14,"Q"),COUNTIF('November 2026'!C14:AF14,"Q"),COUNTIF('December 2026'!C14:AG14,"Q")) -> 0 | N12: =SUM(COUNTIF('January 2026'!C14:AG14,"I"),COUNTIF('February 2026'!C14:AD14,"I"),COUNTIF('March 2026'!C14:AG14,"I"),COUNTIF('April 2026'!C14:AF14,"I"),COUNTIF('May 2026'!C14:AG14,"I"),COUNTIF('June 2026'!C14:AF14,"I"),COUNTIF('July 2026'!C14:AG14,"I"),COUNTIF('August 2026'!C14:AG14,"I"),COUNTIF('September 2026'!C14:AF14,"I"),COUNTIF('October 2026'!C14:AG14,"I"),COUNTIF('November 2026'!C14:AF14,"I"),COUNTIF('December 2026'!C14:AG14,"I")) -> 0 | O12: =SUM(COUNTIF('January 2026'!C14:AG14,"S"),COUNTIF('February 2026'!C14:AD14,"S"),COUNTIF('March 2026'!C14:AG14,"S"),COUNTIF('April 2026'!C14:AF14,"S"),COUNTIF('May 2026'!C14:AG14,"S"),COUNTIF('June 2026'!C14:AF14,"S"),COUNTIF('July 2026'!C14:AG14,"S"),COUNTIF('August 2026'!C14:AG14,"S"),COUNTIF('September 2026'!C14:AF14,"S"),COUNTIF('October 2026'!C14:AG14,"S"),COUNTIF('November 2026'!C14:AF14,"S"),COUNTIF('December 2026'!C14:AG14,"S")) -> 6 | P12: =SUM(COUNTIF('January 2026'!C14:AG14,"M"),COUNTIF('February 2026'!C14:AD14,"M"),COUNTIF('March 2026'!C14:AG14,"M"),COUNTIF('April 2026'!C14:AF14,"M"),COUNTIF('May 2026'!C14:AG14,"M"),COUNTIF('June 2026'!C14:AF14,"M"),COUNTIF('July 2026'!C14:AG14,"M"),COUNTIF('August 2026'!C14:AG14,"M"),COUNTIF('September 2026'!C14:AF14,"M"),COUNTIF('October 2026'!C14:AG14,"M"),COUNTIF('November 2026'!C14:AF14,"M"),COUNTIF('December 2026'!C14:AG14,"M")) -> 0 | Q12: =SUM(COUNTIF('January 2026'!C14:AG14,"C"),COUNTIF('February 2026'!C14:AD14,"C"),COUNTIF('March 2026'!C14:AG14,"C"),COUNTIF('April 2026'!C14:AF14,"C"),COUNTIF('May 2026'!C14:AG14,"C"),COUNTIF('June 2026'!C14:AF14,"C"),COUNTIF('July 2026'!C14:AG14,"C"),COUNTIF('August 2026'!C14:AG14,"C"),COUNTIF('September 2026'!C14:AF14,"C"),COUNTIF('October 2026'!C14:AG14,"C"),COUNTIF('November 2026'!C14:AF14,"C"),COUNTIF('December 2026'!C14:AG14,"C")) -> 0 | R12: =SUM(COUNTIF('January 2026'!C14:AG14,"V"),COUNTIF('February 2026'!C14:AD14,"V"),COUNTIF('March 2026'!C14:AG14,"V"),COUNTIF('April 2026'!C14:AF14,"V"),COUNTIF('May 2026'!C14:AG14,"V"),COUNTIF('June 2026'!C14:AF14,"V"),COUNTIF('July 2026'!C14:AG14,"V"),COUNTIF('August 2026'!C14:AG14,"V"),COUNTIF('September 2026'!C14:AF14,"V"),COUNTIF('October 2026'!C14:AG14,"V"),COUNTIF('November 2026'!C14:AF14,"V"),COUNTIF('December 2026'!C14:AG14,"V")) -> 6 | S12: =SUM(COUNTIF('January 2026'!C14:AG14,"A"),COUNTIF('February 2026'!C14:AD14,"A"),COUNTIF('March 2026'!C14:AG14,"A"),COUNTIF('April 2026'!C14:AF14,"A"),COUNTIF('May 2026'!C14:AG14,"A"),COUNTIF('June 2026'!C14:AF14,"A"),COUNTIF('July 2026'!C14:AG14,"A"),COUNTIF('August 2026'!C14:AG14,"A"),COUNTIF('September 2026'!C14:AF14,"A"),COUNTIF('October 2026'!C14:AG14,"A"),COUNTIF('November 2026'!C14:AF14,"A"),COUNTIF('December 2026'!C14:AG14,"A")) -> 0
A13: 16 | B13: ='January 2026'!B15 -> Ben Oni Dankyi Ofosu | C13: 27 | E13: =SUM(C13:D13) -> 27 | G13: =SUM('January 2026'!AH15,'February 2026'!AE15,'March 2026'!AH15,'April 2026'!AG15,'May 2026'!AH15,'June 2026'!AG15,'July 2026'!AH15,'August 2026'!AH15,'September 2026'!AG15,'October 2026'!AH15,'November 2026'!AG15,'December 2026'!AH15) -> 22 | H13: =E13-G13 -> 5 | J13: 12 | K13: =SUM(COUNTIF('January 2026'!C15:AG15,"H1"),COUNTIF('February 2026'!C15:AD15,"H1"),COUNTIF('March 2026'!C15:AG15,"H1"),COUNTIF('April 2026'!C15:AF15,"H1"),COUNTIF('May 2026'!C15:AG15,"H1"),COUNTIF('June 2026'!C15:AF15,"H1"),COUNTIF('July 2026'!C15:AG15,"H1"),COUNTIF('August 2026'!C15:AG15,"H1"),COUNTIF('September 2026'!C15:AF15,"H1"),COUNTIF('October 2026'!C15:AG15,"H1"),COUNTIF('November 2026'!C15:AF15,"H1"),COUNTIF('December 2026'!C15:AG15,"H1")) -> 0 | L13: =SUM(COUNTIF('January 2026'!C15:AG15,"H2"),COUNTIF('February 2026'!C15:AD15,"H2"),COUNTIF('March 2026'!C15:AG15,"H2"),COUNTIF('April 2026'!C15:AF15,"H2"),COUNTIF('May 2026'!C15:AG15,"H2"),COUNTIF('June 2026'!C15:AF15,"H2"),COUNTIF('July 2026'!C15:AG15,"H2"),COUNTIF('August 2026'!C15:AG15,"H2"),COUNTIF('September 2026'!C15:AF15,"H2"),COUNTIF('October 2026'!C15:AG15,"H2"),COUNTIF('November 2026'!C15:AF15,"H2"),COUNTIF('December 2026'!C15:AG15,"H2")) -> 0 | M13: =SUM(COUNTIF('January 2026'!C15:AG15,"Q"),COUNTIF('February 2026'!C15:AD15,"Q"),COUNTIF('March 2026'!C15:AG15,"Q"),COUNTIF('April 2026'!C15:AF15,"Q"),COUNTIF('May 2026'!C15:AG15,"Q"),COUNTIF('June 2026'!C15:AF15,"Q"),COUNTIF('July 2026'!C15:AG15,"Q"),COUNTIF('August 2026'!C15:AG15,"Q"),COUNTIF('September 2026'!C15:AF15,"Q"),COUNTIF('October 2026'!C15:AG15,"Q"),COUNTIF('November 2026'!C15:AF15,"Q"),COUNTIF('December 2026'!C15:AG15,"Q")) -> 0 | N13: =SUM(COUNTIF('January 2026'!C15:AG15,"I"),COUNTIF('February 2026'!C15:AD15,"I"),COUNTIF('March 2026'!C15:AG15,"I"),COUNTIF('April 2026'!C15:AF15,"I"),COUNTIF('May 2026'!C15:AG15,"I"),COUNTIF('June 2026'!C15:AF15,"I"),COUNTIF('July 2026'!C15:AG15,"I"),COUNTIF('August 2026'!C15:AG15,"I"),COUNTIF('September 2026'!C15:AF15,"I"),COUNTIF('October 2026'!C15:AG15,"I"),COUNTIF('November 2026'!C15:AF15,"I"),COUNTIF('December 2026'!C15:AG15,"I")) -> 0 | O13: =SUM(COUNTIF('January 2026'!C15:AG15,"S"),COUNTIF('February 2026'!C15:AD15,"S"),COUNTIF('March 2026'!C15:AG15,"S"),COUNTIF('April 2026'!C15:AF15,"S"),COUNTIF('May 2026'!C15:AG15,"S"),COUNTIF('June 2026'!C15:AF15,"S"),COUNTIF('July 2026'!C15:AG15,"S"),COUNTIF('August 2026'!C15:AG15,"S"),COUNTIF('September 2026'!C15:AF15,"S"),COUNTIF('October 2026'!C15:AG15,"S"),COUNTIF('November 2026'!C15:AF15,"S"),COUNTIF('December 2026'!C15:AG15,"S")) -> 2 | P13: =SUM(COUNTIF('January 2026'!C15:AG15,"M"),COUNTIF('February 2026'!C15:AD15,"M"),COUNTIF('March 2026'!C15:AG15,"M"),COUNTIF('April 2026'!C15:AF15,"M"),COUNTIF('May 2026'!C15:AG15,"M"),COUNTIF('June 2026'!C15:AF15,"M"),COUNTIF('July 2026'!C15:AG15,"M"),COUNTIF('August 2026'!C15:AG15,"M"),COUNTIF('September 2026'!C15:AF15,"M"),COUNTIF('October 2026'!C15:AG15,"M"),COUNTIF('November 2026'!C15:AF15,"M"),COUNTIF('December 2026'!C15:AG15,"M")) -> 0 | Q13: =SUM(COUNTIF('January 2026'!C15:AG15,"C"),COUNTIF('February 2026'!C15:AD15,"C"),COUNTIF('March 2026'!C15:AG15,"C"),COUNTIF('April 2026'!C15:AF15,"C"),COUNTIF('May 2026'!C15:AG15,"C"),COUNTIF('June 2026'!C15:AF15,"C"),COUNTIF('July 2026'!C15:AG15,"C"),COUNTIF('August 2026'!C15:AG15,"C"),COUNTIF('September 2026'!C15:AF15,"C"),COUNTIF('October 2026'!C15:AG15,"C"),COUNTIF('November 2026'!C15:AF15,"C"),COUNTIF('December 2026'!C15:AG15,"C")) -> 0 | R13: =SUM(COUNTIF('January 2026'!C15:AG15,"V"),COUNTIF('February 2026'!C15:AD15,"V"),COUNTIF('March 2026'!C15:AG15,"V"),COUNTIF('April 2026'!C15:AF15,"V"),COUNTIF('May 2026'!C15:AG15,"V"),COUNTIF('June 2026'!C15:AF15,"V"),COUNTIF('July 2026'!C15:AG15,"V"),COUNTIF('August 2026'!C15:AG15,"V"),COUNTIF('September 2026'!C15:AF15,"V"),COUNTIF('October 2026'!C15:AG15,"V"),COUNTIF('November 2026'!C15:AF15,"V"),COUNTIF('December 2026'!C15:AG15,"V")) -> 9 | S13: =SUM(COUNTIF('January 2026'!C15:AG15,"A"),COUNTIF('February 2026'!C15:AD15,"A"),COUNTIF('March 2026'!C15:AG15,"A"),COUNTIF('April 2026'!C15:AF15,"A"),COUNTIF('May 2026'!C15:AG15,"A"),COUNTIF('June 2026'!C15:AF15,"A"),COUNTIF('July 2026'!C15:AG15,"A"),COUNTIF('August 2026'!C15:AG15,"A"),COUNTIF('September 2026'!C15:AF15,"A"),COUNTIF('October 2026'!C15:AG15,"A"),COUNTIF('November 2026'!C15:AF15,"A"),COUNTIF('December 2026'!C15:AG15,"A")) -> 0
A14: 17 | B14: ='January 2026'!B16 -> Wahab Amoako Domson | C14: 27 | E14: =SUM(C14:D14) -> 27 | G14: =SUM('January 2026'!AH16,'February 2026'!AE16,'March 2026'!AH16,'April 2026'!AG16,'May 2026'!AH16,'June 2026'!AG16,'July 2026'!AH16,'August 2026'!AH16,'September 2026'!AG16,'October 2026'!AH16,'November 2026'!AG16,'December 2026'!AH16) -> 18.5 | H14: =E14-G14 -> 8.5 | J14: 12 | K14: =SUM(COUNTIF('January 2026'!C16:AG16,"H1"),COUNTIF('February 2026'!C16:AD16,"H1"),COUNTIF('March 2026'!C16:AG16,"H1"),COUNTIF('April 2026'!C16:AF16,"H1"),COUNTIF('May 2026'!C16:AG16,"H1"),COUNTIF('June 2026'!C16:AF16,"H1"),COUNTIF('July 2026'!C16:AG16,"H1"),COUNTIF('August 2026'!C16:AG16,"H1"),COUNTIF('September 2026'!C16:AF16,"H1"),COUNTIF('October 2026'!C16:AG16,"H1"),COUNTIF('November 2026'!C16:AF16,"H1"),COUNTIF('December 2026'!C16:AG16,"H1")) -> 2 | L14: =SUM(COUNTIF('January 2026'!C16:AG16,"H2"),COUNTIF('February 2026'!C16:AD16,"H2"),COUNTIF('March 2026'!C16:AG16,"H2"),COUNTIF('April 2026'!C16:AF16,"H2"),COUNTIF('May 2026'!C16:AG16,"H2"),COUNTIF('June 2026'!C16:AF16,"H2"),COUNTIF('July 2026'!C16:AG16,"H2"),COUNTIF('August 2026'!C16:AG16,"H2"),COUNTIF('September 2026'!C16:AF16,"H2"),COUNTIF('October 2026'!C16:AG16,"H2"),COUNTIF('November 2026'!C16:AF16,"H2"),COUNTIF('December 2026'!C16:AG16,"H2")) -> 1 | M14: =SUM(COUNTIF('January 2026'!C16:AG16,"Q"),COUNTIF('February 2026'!C16:AD16,"Q"),COUNTIF('March 2026'!C16:AG16,"Q"),COUNTIF('April 2026'!C16:AF16,"Q"),COUNTIF('May 2026'!C16:AG16,"Q"),COUNTIF('June 2026'!C16:AF16,"Q"),COUNTIF('July 2026'!C16:AG16,"Q"),COUNTIF('August 2026'!C16:AG16,"Q"),COUNTIF('September 2026'!C16:AF16,"Q"),COUNTIF('October 2026'!C16:AG16,"Q"),COUNTIF('November 2026'!C16:AF16,"Q"),COUNTIF('December 2026'!C16:AG16,"Q")) -> 0 | N14: =SUM(COUNTIF('January 2026'!C16:AG16,"I"),COUNTIF('February 2026'!C16:AD16,"I"),COUNTIF('March 2026'!C16:AG16,"I"),COUNTIF('April 2026'!C16:AF16,"I"),COUNTIF('May 2026'!C16:AG16,"I"),COUNTIF('June 2026'!C16:AF16,"I"),COUNTIF('July 2026'!C16:AG16,"I"),COUNTIF('August 2026'!C16:AG16,"I"),COUNTIF('September 2026'!C16:AF16,"I"),COUNTIF('October 2026'!C16:AG16,"I"),COUNTIF('November 2026'!C16:AF16,"I"),COUNTIF('December 2026'!C16:AG16,"I")) -> 0 | O14: =SUM(COUNTIF('January 2026'!C16:AG16,"S"),COUNTIF('February 2026'!C16:AD16,"S"),COUNTIF('March 2026'!C16:AG16,"S"),COUNTIF('April 2026'!C16:AF16,"S"),COUNTIF('May 2026'!C16:AG16,"S"),COUNTIF('June 2026'!C16:AF16,"S"),COUNTIF('July 2026'!C16:AG16,"S"),COUNTIF('August 2026'!C16:AG16,"S"),COUNTIF('September 2026'!C16:AF16,"S"),COUNTIF('October 2026'!C16:AG16,"S"),COUNTIF('November 2026'!C16:AF16,"S"),COUNTIF('December 2026'!C16:AG16,"S")) -> 3 | P14: =SUM(COUNTIF('January 2026'!C16:AG16,"M"),COUNTIF('February 2026'!C16:AD16,"M"),COUNTIF('March 2026'!C16:AG16,"M"),COUNTIF('April 2026'!C16:AF16,"M"),COUNTIF('May 2026'!C16:AG16,"M"),COUNTIF('June 2026'!C16:AF16,"M"),COUNTIF('July 2026'!C16:AG16,"M"),COUNTIF('August 2026'!C16:AG16,"M"),COUNTIF('September 2026'!C16:AF16,"M"),COUNTIF('October 2026'!C16:AG16,"M"),COUNTIF('November 2026'!C16:AF16,"M"),COUNTIF('December 2026'!C16:AG16,"M")) -> 0 | Q14: =SUM(COUNTIF('January 2026'!C16:AG16,"C"),COUNTIF('February 2026'!C16:AD16,"C"),COUNTIF('March 2026'!C16:AG16,"C"),COUNTIF('April 2026'!C16:AF16,"C"),COUNTIF('May 2026'!C16:AG16,"C"),COUNTIF('June 2026'!C16:AF16,"C"),COUNTIF('July 2026'!C16:AG16,"C"),COUNTIF('August 2026'!C16:AG16,"C"),COUNTIF('September 2026'!C16:AF16,"C"),COUNTIF('October 2026'!C16:AG16,"C"),COUNTIF('November 2026'!C16:AF16,"C"),COUNTIF('December 2026'!C16:AG16,"C")) -> 1 | R14: =SUM(COUNTIF('January 2026'!C16:AG16,"V"),COUNTIF('February 2026'!C16:AD16,"V"),COUNTIF('March 2026'!C16:AG16,"V"),COUNTIF('April 2026'!C16:AF16,"V"),COUNTIF('May 2026'!C16:AG16,"V"),COUNTIF('June 2026'!C16:AF16,"V"),COUNTIF('July 2026'!C16:AG16,"V"),COUNTIF('August 2026'!C16:AG16,"V"),COUNTIF('September 2026'!C16:AF16,"V"),COUNTIF('October 2026'!C16:AG16,"V"),COUNTIF('November 2026'!C16:AF16,"V"),COUNTIF('December 2026'!C16:AG16,"V")) -> 4 | S14: =SUM(COUNTIF('January 2026'!C16:AG16,"A"),COUNTIF('February 2026'!C16:AD16,"A"),COUNTIF('March 2026'!C16:AG16,"A"),COUNTIF('April 2026'!C16:AF16,"A"),COUNTIF('May 2026'!C16:AG16,"A"),COUNTIF('June 2026'!C16:AF16,"A"),COUNTIF('July 2026'!C16:AG16,"A"),COUNTIF('August 2026'!C16:AG16,"A"),COUNTIF('September 2026'!C16:AF16,"A"),COUNTIF('October 2026'!C16:AG16,"A"),COUNTIF('November 2026'!C16:AF16,"A"),COUNTIF('December 2026'!C16:AG16,"A")) -> 0
A15: 18 | B15: ='January 2026'!B17 -> Emmanuel Quarshie | C15: 27 | E15: =SUM(C15:D15) -> 27 | G15: =SUM('January 2026'!AH17,'February 2026'!AE17,'March 2026'!AH17,'April 2026'!AG17,'May 2026'!AH17,'June 2026'!AG17,'July 2026'!AH17,'August 2026'!AH17,'September 2026'!AG17,'October 2026'!AH17,'November 2026'!AG17,'December 2026'!AH17) -> 18.75 | H15: =E15-G15 -> 8.25 | J15: 12 | K15: =SUM(COUNTIF('January 2026'!C17:AG17,"H1"),COUNTIF('February 2026'!C17:AD17,"H1"),COUNTIF('March 2026'!C17:AG17,"H1"),COUNTIF('April 2026'!C17:AF17,"H1"),COUNTIF('May 2026'!C17:AG17,"H1"),COUNTIF('June 2026'!C17:AF17,"H1"),COUNTIF('July 2026'!C17:AG17,"H1"),COUNTIF('August 2026'!C17:AG17,"H1"),COUNTIF('September 2026'!C17:AF17,"H1"),COUNTIF('October 2026'!C17:AG17,"H1"),COUNTIF('November 2026'!C17:AF17,"H1"),COUNTIF('December 2026'!C17:AG17,"H1")) -> 1 | L15: =SUM(COUNTIF('January 2026'!C17:AG17,"H2"),COUNTIF('February 2026'!C17:AD17,"H2"),COUNTIF('March 2026'!C17:AG17,"H2"),COUNTIF('April 2026'!C17:AF17,"H2"),COUNTIF('May 2026'!C17:AG17,"H2"),COUNTIF('June 2026'!C17:AF17,"H2"),COUNTIF('July 2026'!C17:AG17,"H2"),COUNTIF('August 2026'!C17:AG17,"H2"),COUNTIF('September 2026'!C17:AF17,"H2"),COUNTIF('October 2026'!C17:AG17,"H2"),COUNTIF('November 2026'!C17:AF17,"H2"),COUNTIF('December 2026'!C17:AG17,"H2")) -> 0 | M15: =SUM(COUNTIF('January 2026'!C17:AG17,"Q"),COUNTIF('February 2026'!C17:AD17,"Q"),COUNTIF('March 2026'!C17:AG17,"Q"),COUNTIF('April 2026'!C17:AF17,"Q"),COUNTIF('May 2026'!C17:AG17,"Q"),COUNTIF('June 2026'!C17:AF17,"Q"),COUNTIF('July 2026'!C17:AG17,"Q"),COUNTIF('August 2026'!C17:AG17,"Q"),COUNTIF('September 2026'!C17:AF17,"Q"),COUNTIF('October 2026'!C17:AG17,"Q"),COUNTIF('November 2026'!C17:AF17,"Q"),COUNTIF('December 2026'!C17:AG17,"Q")) -> 1 | N15: =SUM(COUNTIF('January 2026'!C17:AG17,"I"),COUNTIF('February 2026'!C17:AD17,"I"),COUNTIF('March 2026'!C17:AG17,"I"),COUNTIF('April 2026'!C17:AF17,"I"),COUNTIF('May 2026'!C17:AG17,"I"),COUNTIF('June 2026'!C17:AF17,"I"),COUNTIF('July 2026'!C17:AG17,"I"),COUNTIF('August 2026'!C17:AG17,"I"),COUNTIF('September 2026'!C17:AF17,"I"),COUNTIF('October 2026'!C17:AG17,"I"),COUNTIF('November 2026'!C17:AF17,"I"),COUNTIF('December 2026'!C17:AG17,"I")) -> 0 | O15: =SUM(COUNTIF('January 2026'!C17:AG17,"S"),COUNTIF('February 2026'!C17:AD17,"S"),COUNTIF('March 2026'!C17:AG17,"S"),COUNTIF('April 2026'!C17:AF17,"S"),COUNTIF('May 2026'!C17:AG17,"S"),COUNTIF('June 2026'!C17:AF17,"S"),COUNTIF('July 2026'!C17:AG17,"S"),COUNTIF('August 2026'!C17:AG17,"S"),COUNTIF('September 2026'!C17:AF17,"S"),COUNTIF('October 2026'!C17:AG17,"S"),COUNTIF('November 2026'!C17:AF17,"S"),COUNTIF('December 2026'!C17:AG17,"S")) -> 2 | P15: =SUM(COUNTIF('January 2026'!C17:AG17,"M"),COUNTIF('February 2026'!C17:AD17,"M"),COUNTIF('March 2026'!C17:AG17,"M"),COUNTIF('April 2026'!C17:AF17,"M"),COUNTIF('May 2026'!C17:AG17,"M"),COUNTIF('June 2026'!C17:AF17,"M"),COUNTIF('July 2026'!C17:AG17,"M"),COUNTIF('August 2026'!C17:AG17,"M"),COUNTIF('September 2026'!C17:AF17,"M"),COUNTIF('October 2026'!C17:AG17,"M"),COUNTIF('November 2026'!C17:AF17,"M"),COUNTIF('December 2026'!C17:AG17,"M")) -> 0 | Q15: =SUM(COUNTIF('January 2026'!C17:AG17,"C"),COUNTIF('February 2026'!C17:AD17,"C"),COUNTIF('March 2026'!C17:AG17,"C"),COUNTIF('April 2026'!C17:AF17,"C"),COUNTIF('May 2026'!C17:AG17,"C"),COUNTIF('June 2026'!C17:AF17,"C"),COUNTIF('July 2026'!C17:AG17,"C"),COUNTIF('August 2026'!C17:AG17,"C"),COUNTIF('September 2026'!C17:AF17,"C"),COUNTIF('October 2026'!C17:AG17,"C"),COUNTIF('November 2026'!C17:AF17,"C"),COUNTIF('December 2026'!C17:AG17,"C")) -> 1 | R15: =SUM(COUNTIF('January 2026'!C17:AG17,"V"),COUNTIF('February 2026'!C17:AD17,"V"),COUNTIF('March 2026'!C17:AG17,"V"),COUNTIF('April 2026'!C17:AF17,"V"),COUNTIF('May 2026'!C17:AG17,"V"),COUNTIF('June 2026'!C17:AF17,"V"),COUNTIF('July 2026'!C17:AG17,"V"),COUNTIF('August 2026'!C17:AG17,"V"),COUNTIF('September 2026'!C17:AF17,"V"),COUNTIF('October 2026'!C17:AG17,"V"),COUNTIF('November 2026'!C17:AF17,"V"),COUNTIF('December 2026'!C17:AG17,"V")) -> 5 | S15: =SUM(COUNTIF('January 2026'!C17:AG17,"A"),COUNTIF('February 2026'!C17:AD17,"A"),COUNTIF('March 2026'!C17:AG17,"A"),COUNTIF('April 2026'!C17:AF17,"A"),COUNTIF('May 2026'!C17:AG17,"A"),COUNTIF('June 2026'!C17:AF17,"A"),COUNTIF('July 2026'!C17:AG17,"A"),COUNTIF('August 2026'!C17:AG17,"A"),COUNTIF('September 2026'!C17:AF17,"A"),COUNTIF('October 2026'!C17:AG17,"A"),COUNTIF('November 2026'!C17:AF17,"A"),COUNTIF('December 2026'!C17:AG17,"A")) -> 0
A16: 19 | B16: ='January 2026'!B18 -> Ethel Prempeh | C16: 27 | E16: =SUM(C16:D16) -> 27 | G16: =SUM('January 2026'!AH18,'February 2026'!AE18,'March 2026'!AH18,'April 2026'!AG18,'May 2026'!AH18,'June 2026'!AG18,'July 2026'!AH18,'August 2026'!AH18,'September 2026'!AG18,'October 2026'!AH18,'November 2026'!AG18,'December 2026'!AH18) -> 16.25 | H16: =E16-G16 -> 10.75 | J16: 12 | K16: =SUM(COUNTIF('January 2026'!C18:AG18,"H1"),COUNTIF('February 2026'!C18:AD18,"H1"),COUNTIF('March 2026'!C18:AG18,"H1"),COUNTIF('April 2026'!C18:AF18,"H1"),COUNTIF('May 2026'!C18:AG18,"H1"),COUNTIF('June 2026'!C18:AF18,"H1"),COUNTIF('July 2026'!C18:AG18,"H1"),COUNTIF('August 2026'!C18:AG18,"H1"),COUNTIF('September 2026'!C18:AF18,"H1"),COUNTIF('October 2026'!C18:AG18,"H1"),COUNTIF('November 2026'!C18:AF18,"H1"),COUNTIF('December 2026'!C18:AG18,"H1")) -> 0 | L16: =SUM(COUNTIF('January 2026'!C18:AG18,"H2"),COUNTIF('February 2026'!C18:AD18,"H2"),COUNTIF('March 2026'!C18:AG18,"H2"),COUNTIF('April 2026'!C18:AF18,"H2"),COUNTIF('May 2026'!C18:AG18,"H2"),COUNTIF('June 2026'!C18:AF18,"H2"),COUNTIF('July 2026'!C18:AG18,"H2"),COUNTIF('August 2026'!C18:AG18,"H2"),COUNTIF('September 2026'!C18:AF18,"H2"),COUNTIF('October 2026'!C18:AG18,"H2"),COUNTIF('November 2026'!C18:AF18,"H2"),COUNTIF('December 2026'!C18:AG18,"H2")) -> 0 | M16: =SUM(COUNTIF('January 2026'!C18:AG18,"Q"),COUNTIF('February 2026'!C18:AD18,"Q"),COUNTIF('March 2026'!C18:AG18,"Q"),COUNTIF('April 2026'!C18:AF18,"Q"),COUNTIF('May 2026'!C18:AG18,"Q"),COUNTIF('June 2026'!C18:AF18,"Q"),COUNTIF('July 2026'!C18:AG18,"Q"),COUNTIF('August 2026'!C18:AG18,"Q"),COUNTIF('September 2026'!C18:AF18,"Q"),COUNTIF('October 2026'!C18:AG18,"Q"),COUNTIF('November 2026'!C18:AF18,"Q"),COUNTIF('December 2026'!C18:AG18,"Q")) -> 1 | N16: =SUM(COUNTIF('January 2026'!C18:AG18,"I"),COUNTIF('February 2026'!C18:AD18,"I"),COUNTIF('March 2026'!C18:AG18,"I"),COUNTIF('April 2026'!C18:AF18,"I"),COUNTIF('May 2026'!C18:AG18,"I"),COUNTIF('June 2026'!C18:AF18,"I"),COUNTIF('July 2026'!C18:AG18,"I"),COUNTIF('August 2026'!C18:AG18,"I"),COUNTIF('September 2026'!C18:AF18,"I"),COUNTIF('October 2026'!C18:AG18,"I"),COUNTIF('November 2026'!C18:AF18,"I"),COUNTIF('December 2026'!C18:AG18,"I")) -> 0 | O16: =SUM(COUNTIF('January 2026'!C18:AG18,"S"),COUNTIF('February 2026'!C18:AD18,"S"),COUNTIF('March 2026'!C18:AG18,"S"),COUNTIF('April 2026'!C18:AF18,"S"),COUNTIF('May 2026'!C18:AG18,"S"),COUNTIF('June 2026'!C18:AF18,"S"),COUNTIF('July 2026'!C18:AG18,"S"),COUNTIF('August 2026'!C18:AG18,"S"),COUNTIF('September 2026'!C18:AF18,"S"),COUNTIF('October 2026'!C18:AG18,"S"),COUNTIF('November 2026'!C18:AF18,"S"),COUNTIF('December 2026'!C18:AG18,"S")) -> 0 | P16: =SUM(COUNTIF('January 2026'!C18:AG18,"M"),COUNTIF('February 2026'!C18:AD18,"M"),COUNTIF('March 2026'!C18:AG18,"M"),COUNTIF('April 2026'!C18:AF18,"M"),COUNTIF('May 2026'!C18:AG18,"M"),COUNTIF('June 2026'!C18:AF18,"M"),COUNTIF('July 2026'!C18:AG18,"M"),COUNTIF('August 2026'!C18:AG18,"M"),COUNTIF('September 2026'!C18:AF18,"M"),COUNTIF('October 2026'!C18:AG18,"M"),COUNTIF('November 2026'!C18:AF18,"M"),COUNTIF('December 2026'!C18:AG18,"M")) -> 0 | Q16: =SUM(COUNTIF('January 2026'!C18:AG18,"C"),COUNTIF('February 2026'!C18:AD18,"C"),COUNTIF('March 2026'!C18:AG18,"C"),COUNTIF('April 2026'!C18:AF18,"C"),COUNTIF('May 2026'!C18:AG18,"C"),COUNTIF('June 2026'!C18:AF18,"C"),COUNTIF('July 2026'!C18:AG18,"C"),COUNTIF('August 2026'!C18:AG18,"C"),COUNTIF('September 2026'!C18:AF18,"C"),COUNTIF('October 2026'!C18:AG18,"C"),COUNTIF('November 2026'!C18:AF18,"C"),COUNTIF('December 2026'!C18:AG18,"C")) -> 0 | R16: =SUM(COUNTIF('January 2026'!C18:AG18,"V"),COUNTIF('February 2026'!C18:AD18,"V"),COUNTIF('March 2026'!C18:AG18,"V"),COUNTIF('April 2026'!C18:AF18,"V"),COUNTIF('May 2026'!C18:AG18,"V"),COUNTIF('June 2026'!C18:AF18,"V"),COUNTIF('July 2026'!C18:AG18,"V"),COUNTIF('August 2026'!C18:AG18,"V"),COUNTIF('September 2026'!C18:AF18,"V"),COUNTIF('October 2026'!C18:AG18,"V"),COUNTIF('November 2026'!C18:AF18,"V"),COUNTIF('December 2026'!C18:AG18,"V")) -> 3 | S16: =SUM(COUNTIF('January 2026'!C18:AG18,"A"),COUNTIF('February 2026'!C18:AD18,"A"),COUNTIF('March 2026'!C18:AG18,"A"),COUNTIF('April 2026'!C18:AF18,"A"),COUNTIF('May 2026'!C18:AG18,"A"),COUNTIF('June 2026'!C18:AF18,"A"),COUNTIF('July 2026'!C18:AG18,"A"),COUNTIF('August 2026'!C18:AG18,"A"),COUNTIF('September 2026'!C18:AF18,"A"),COUNTIF('October 2026'!C18:AG18,"A"),COUNTIF('November 2026'!C18:AF18,"A"),COUNTIF('December 2026'!C18:AG18,"A")) -> 0
A17: 20 | B17: ='January 2026'!B19 -> Isaac Appiah | C17: 27 | E17: =SUM(C17:D17) -> 27 | G17: =SUM('January 2026'!AH19,'February 2026'!AE19,'March 2026'!AH19,'April 2026'!AG19,'May 2026'!AH19,'June 2026'!AG19,'July 2026'!AH19,'August 2026'!AH19,'September 2026'!AG19,'October 2026'!AH19,'November 2026'!AG19,'December 2026'!AH19) -> 15.75 | H17: =E17-G17 -> 11.25 | J17: 12 | K17: =SUM(COUNTIF('January 2026'!C19:AG19,"H1"),COUNTIF('February 2026'!C19:AD19,"H1"),COUNTIF('March 2026'!C19:AG19,"H1"),COUNTIF('April 2026'!C19:AF19,"H1"),COUNTIF('May 2026'!C19:AG19,"H1"),COUNTIF('June 2026'!C19:AF19,"H1"),COUNTIF('July 2026'!C19:AG19,"H1"),COUNTIF('August 2026'!C19:AG19,"H1"),COUNTIF('September 2026'!C19:AF19,"H1"),COUNTIF('October 2026'!C19:AG19,"H1"),COUNTIF('November 2026'!C19:AF19,"H1"),COUNTIF('December 2026'!C19:AG19,"H1")) -> 0 | L17: =SUM(COUNTIF('January 2026'!C19:AG19,"H2"),COUNTIF('February 2026'!C19:AD19,"H2"),COUNTIF('March 2026'!C19:AG19,"H2"),COUNTIF('April 2026'!C19:AF19,"H2"),COUNTIF('May 2026'!C19:AG19,"H2"),COUNTIF('June 2026'!C19:AF19,"H2"),COUNTIF('July 2026'!C19:AG19,"H2"),COUNTIF('August 2026'!C19:AG19,"H2"),COUNTIF('September 2026'!C19:AF19,"H2"),COUNTIF('October 2026'!C19:AG19,"H2"),COUNTIF('November 2026'!C19:AF19,"H2"),COUNTIF('December 2026'!C19:AG19,"H2")) -> 0 | M17: =SUM(COUNTIF('January 2026'!C19:AG19,"Q"),COUNTIF('February 2026'!C19:AD19,"Q"),COUNTIF('March 2026'!C19:AG19,"Q"),COUNTIF('April 2026'!C19:AF19,"Q"),COUNTIF('May 2026'!C19:AG19,"Q"),COUNTIF('June 2026'!C19:AF19,"Q"),COUNTIF('July 2026'!C19:AG19,"Q"),COUNTIF('August 2026'!C19:AG19,"Q"),COUNTIF('September 2026'!C19:AF19,"Q"),COUNTIF('October 2026'!C19:AG19,"Q"),COUNTIF('November 2026'!C19:AF19,"Q"),COUNTIF('December 2026'!C19:AG19,"Q")) -> 3 | N17: =SUM(COUNTIF('January 2026'!C19:AG19,"I"),COUNTIF('February 2026'!C19:AD19,"I"),COUNTIF('March 2026'!C19:AG19,"I"),COUNTIF('April 2026'!C19:AF19,"I"),COUNTIF('May 2026'!C19:AG19,"I"),COUNTIF('June 2026'!C19:AF19,"I"),COUNTIF('July 2026'!C19:AG19,"I"),COUNTIF('August 2026'!C19:AG19,"I"),COUNTIF('September 2026'!C19:AF19,"I"),COUNTIF('October 2026'!C19:AG19,"I"),COUNTIF('November 2026'!C19:AF19,"I"),COUNTIF('December 2026'!C19:AG19,"I")) -> 0 | O17: =SUM(COUNTIF('January 2026'!C19:AG19,"S"),COUNTIF('February 2026'!C19:AD19,"S"),COUNTIF('March 2026'!C19:AG19,"S"),COUNTIF('April 2026'!C19:AF19,"S"),COUNTIF('May 2026'!C19:AG19,"S"),COUNTIF('June 2026'!C19:AF19,"S"),COUNTIF('July 2026'!C19:AG19,"S"),COUNTIF('August 2026'!C19:AG19,"S"),COUNTIF('September 2026'!C19:AF19,"S"),COUNTIF('October 2026'!C19:AG19,"S"),COUNTIF('November 2026'!C19:AF19,"S"),COUNTIF('December 2026'!C19:AG19,"S")) -> 5 | P17: =SUM(COUNTIF('January 2026'!C19:AG19,"M"),COUNTIF('February 2026'!C19:AD19,"M"),COUNTIF('March 2026'!C19:AG19,"M"),COUNTIF('April 2026'!C19:AF19,"M"),COUNTIF('May 2026'!C19:AG19,"M"),COUNTIF('June 2026'!C19:AF19,"M"),COUNTIF('July 2026'!C19:AG19,"M"),COUNTIF('August 2026'!C19:AG19,"M"),COUNTIF('September 2026'!C19:AF19,"M"),COUNTIF('October 2026'!C19:AG19,"M"),COUNTIF('November 2026'!C19:AF19,"M"),COUNTIF('December 2026'!C19:AG19,"M")) -> 0 | Q17: =SUM(COUNTIF('January 2026'!C19:AG19,"C"),COUNTIF('February 2026'!C19:AD19,"C"),COUNTIF('March 2026'!C19:AG19,"C"),COUNTIF('April 2026'!C19:AF19,"C"),COUNTIF('May 2026'!C19:AG19,"C"),COUNTIF('June 2026'!C19:AF19,"C"),COUNTIF('July 2026'!C19:AG19,"C"),COUNTIF('August 2026'!C19:AG19,"C"),COUNTIF('September 2026'!C19:AF19,"C"),COUNTIF('October 2026'!C19:AG19,"C"),COUNTIF('November 2026'!C19:AF19,"C"),COUNTIF('December 2026'!C19:AG19,"C")) -> 5 | R17: =SUM(COUNTIF('January 2026'!C19:AG19,"V"),COUNTIF('February 2026'!C19:AD19,"V"),COUNTIF('March 2026'!C19:AG19,"V"),COUNTIF('April 2026'!C19:AF19,"V"),COUNTIF('May 2026'!C19:AG19,"V"),COUNTIF('June 2026'!C19:AF19,"V"),COUNTIF('July 2026'!C19:AG19,"V"),COUNTIF('August 2026'!C19:AG19,"V"),COUNTIF('September 2026'!C19:AF19,"V"),COUNTIF('October 2026'!C19:AG19,"V"),COUNTIF('November 2026'!C19:AF19,"V"),COUNTIF('December 2026'!C19:AG19,"V")) -> 2 | S17: =SUM(COUNTIF('January 2026'!C19:AG19,"A"),COUNTIF('February 2026'!C19:AD19,"A"),COUNTIF('March 2026'!C19:AG19,"A"),COUNTIF('April 2026'!C19:AF19,"A"),COUNTIF('May 2026'!C19:AG19,"A"),COUNTIF('June 2026'!C19:AF19,"A"),COUNTIF('July 2026'!C19:AG19,"A"),COUNTIF('August 2026'!C19:AG19,"A"),COUNTIF('September 2026'!C19:AF19,"A"),COUNTIF('October 2026'!C19:AG19,"A"),COUNTIF('November 2026'!C19:AF19,"A"),COUNTIF('December 2026'!C19:AG19,"A")) -> 0
A18: 21 | B18: Gerald Agyapong | C18: 17 | E18: =SUM(C18:D18) -> 17 | G18: =SUM('January 2026'!AH20,'February 2026'!AE20,'March 2026'!AH20,'April 2026'!AG20,'May 2026'!AH20,'June 2026'!AG20,'July 2026'!AH20,'August 2026'!AH20,'September 2026'!AG20,'October 2026'!AH20,'November 2026'!AG20,'December 2026'!AH20) -> 8.25 | H18: =E18-G18 -> 8.75 | J18: =SUM(COUNTIF('January 2026'!C20:AG20,"H"),COUNTIF('February 2026'!C20:AD20,"H"),COUNTIF('March 2026'!C20:AG20,"H"),COUNTIF('April 2026'!C20:AF20,"H"),COUNTIF('May 2026'!C20:AG20,"H"),COUNTIF('June 2026'!C20:AF20,"H"),COUNTIF('July 2026'!C20:AG20,"H"),COUNTIF('August 2026'!C20:AG20,"H"),COUNTIF('September 2026'!C20:AF20,"H"),COUNTIF('October 2026'!C20:AG20,"H"),COUNTIF('November 2026'!C20:AF20,"H"),COUNTIF('December 2026'!C20:AG20,"H")) -> 7 | K18: =SUM(COUNTIF('January 2026'!C20:AG20,"H1"),COUNTIF('February 2026'!C20:AD20,"H1"),COUNTIF('March 2026'!C20:AG20,"H1"),COUNTIF('April 2026'!C20:AF20,"H1"),COUNTIF('May 2026'!C20:AG20,"H1"),COUNTIF('June 2026'!C20:AF20,"H1"),COUNTIF('July 2026'!C20:AG20,"H1"),COUNTIF('August 2026'!C20:AG20,"H1"),COUNTIF('September 2026'!C20:AF20,"H1"),COUNTIF('October 2026'!C20:AG20,"H1"),COUNTIF('November 2026'!C20:AF20,"H1"),COUNTIF('December 2026'!C20:AG20,"H1")) -> 0 | L18: =SUM(COUNTIF('January 2026'!C20:AG20,"H2"),COUNTIF('February 2026'!C20:AD20,"H2"),COUNTIF('March 2026'!C20:AG20,"H2"),COUNTIF('April 2026'!C20:AF20,"H2"),COUNTIF('May 2026'!C20:AG20,"H2"),COUNTIF('June 2026'!C20:AF20,"H2"),COUNTIF('July 2026'!C20:AG20,"H2"),COUNTIF('August 2026'!C20:AG20,"H2"),COUNTIF('September 2026'!C20:AF20,"H2"),COUNTIF('October 2026'!C20:AG20,"H2"),COUNTIF('November 2026'!C20:AF20,"H2"),COUNTIF('December 2026'!C20:AG20,"H2")) -> 0 | M18: =SUM(COUNTIF('January 2026'!C20:AG20,"Q"),COUNTIF('February 2026'!C20:AD20,"Q"),COUNTIF('March 2026'!C20:AG20,"Q"),COUNTIF('April 2026'!C20:AF20,"Q"),COUNTIF('May 2026'!C20:AG20,"Q"),COUNTIF('June 2026'!C20:AF20,"Q"),COUNTIF('July 2026'!C20:AG20,"Q"),COUNTIF('August 2026'!C20:AG20,"Q"),COUNTIF('September 2026'!C20:AF20,"Q"),COUNTIF('October 2026'!C20:AG20,"Q"),COUNTIF('November 2026'!C20:AF20,"Q"),COUNTIF('December 2026'!C20:AG20,"Q")) -> 1 | N18: =SUM(COUNTIF('January 2026'!C20:AG20,"I"),COUNTIF('February 2026'!C20:AD20,"I"),COUNTIF('March 2026'!C20:AG20,"I"),COUNTIF('April 2026'!C20:AF20,"I"),COUNTIF('May 2026'!C20:AG20,"I"),COUNTIF('June 2026'!C20:AF20,"I"),COUNTIF('July 2026'!C20:AG20,"I"),COUNTIF('August 2026'!C20:AG20,"I"),COUNTIF('September 2026'!C20:AF20,"I"),COUNTIF('October 2026'!C20:AG20,"I"),COUNTIF('November 2026'!C20:AF20,"I"),COUNTIF('December 2026'!C20:AG20,"I")) -> 0 | O18: =SUM(COUNTIF('January 2026'!C20:AG20,"S"),COUNTIF('February 2026'!C20:AD20,"S"),COUNTIF('March 2026'!C20:AG20,"S"),COUNTIF('April 2026'!C20:AF20,"S"),COUNTIF('May 2026'!C20:AG20,"S"),COUNTIF('June 2026'!C20:AF20,"S"),COUNTIF('July 2026'!C20:AG20,"S"),COUNTIF('August 2026'!C20:AG20,"S"),COUNTIF('September 2026'!C20:AF20,"S"),COUNTIF('October 2026'!C20:AG20,"S"),COUNTIF('November 2026'!C20:AF20,"S"),COUNTIF('December 2026'!C20:AG20,"S")) -> 3 | P18: =SUM(COUNTIF('January 2026'!C20:AG20,"M"),COUNTIF('February 2026'!C20:AD20,"M"),COUNTIF('March 2026'!C20:AG20,"M"),COUNTIF('April 2026'!C20:AF20,"M"),COUNTIF('May 2026'!C20:AG20,"M"),COUNTIF('June 2026'!C20:AF20,"M"),COUNTIF('July 2026'!C20:AG20,"M"),COUNTIF('August 2026'!C20:AG20,"M"),COUNTIF('September 2026'!C20:AF20,"M"),COUNTIF('October 2026'!C20:AG20,"M"),COUNTIF('November 2026'!C20:AF20,"M"),COUNTIF('December 2026'!C20:AG20,"M")) -> 0 | Q18: =SUM(COUNTIF('January 2026'!C20:AG20,"C"),COUNTIF('February 2026'!C20:AD20,"C"),COUNTIF('March 2026'!C20:AG20,"C"),COUNTIF('April 2026'!C20:AF20,"C"),COUNTIF('May 2026'!C20:AG20,"C"),COUNTIF('June 2026'!C20:AF20,"C"),COUNTIF('July 2026'!C20:AG20,"C"),COUNTIF('August 2026'!C20:AG20,"C"),COUNTIF('September 2026'!C20:AF20,"C"),COUNTIF('October 2026'!C20:AG20,"C"),COUNTIF('November 2026'!C20:AF20,"C"),COUNTIF('December 2026'!C20:AG20,"C")) -> 0 | R18: =SUM(COUNTIF('January 2026'!C20:AG20,"V"),COUNTIF('February 2026'!C20:AD20,"V"),COUNTIF('March 2026'!C20:AG20,"V"),COUNTIF('April 2026'!C20:AF20,"V"),COUNTIF('May 2026'!C20:AG20,"V"),COUNTIF('June 2026'!C20:AF20,"V"),COUNTIF('July 2026'!C20:AG20,"V"),COUNTIF('August 2026'!C20:AG20,"V"),COUNTIF('September 2026'!C20:AF20,"V"),COUNTIF('October 2026'!C20:AG20,"V"),COUNTIF('November 2026'!C20:AF20,"V"),COUNTIF('December 2026'!C20:AG20,"V")) -> 1 | S18: =SUM(COUNTIF('January 2026'!C20:AG20,"A"),COUNTIF('February 2026'!C20:AD20,"A"),COUNTIF('March 2026'!C20:AG20,"A"),COUNTIF('April 2026'!C20:AF20,"A"),COUNTIF('May 2026'!C20:AG20,"A"),COUNTIF('June 2026'!C20:AF20,"A"),COUNTIF('July 2026'!C20:AG20,"A"),COUNTIF('August 2026'!C20:AG20,"A"),COUNTIF('September 2026'!C20:AF20,"A"),COUNTIF('October 2026'!C20:AG20,"A"),COUNTIF('November 2026'!C20:AF20,"A"),COUNTIF('December 2026'!C20:AG20,"A")) -> 0
B19: ='January 2026'!B21 -> 0 | E19: =SUM(C19:D19) -> 0 | G19: =SUM('January 2026'!AH21,'February 2026'!AE21,'March 2026'!AH21,'April 2026'!AG21,'May 2026'!AH21,'June 2026'!AG21,'July 2026'!AH21,'August 2026'!AH21,'September 2026'!AG21,'October 2026'!AH21,'November 2026'!AG21,'December 2026'!AH21) -> 1 | H19: =E19-G19 -> -1 | J19: =SUM(COUNTIF('January 2026'!C21:AG21,"H"),COUNTIF('February 2026'!C21:AD21,"H"),COUNTIF('March 2026'!C21:AG21,"H"),COUNTIF('April 2026'!C21:AF21,"H"),COUNTIF('May 2026'!C21:AG21,"H"),COUNTIF('June 2026'!C21:AF21,"H"),COUNTIF('July 2026'!C21:AG21,"H"),COUNTIF('August 2026'!C21:AG21,"H"),COUNTIF('September 2026'!C21:AF21,"H"),COUNTIF('October 2026'!C21:AG21,"H"),COUNTIF('November 2026'!C21:AF21,"H"),COUNTIF('December 2026'!C21:AG21,"H")) -> 0 | K19: =SUM(COUNTIF('January 2026'!C21:AG21,"H1"),COUNTIF('February 2026'!C21:AD21,"H1"),COUNTIF('March 2026'!C21:AG21,"H1"),COUNTIF('April 2026'!C21:AF21,"H1"),COUNTIF('May 2026'!C21:AG21,"H1"),COUNTIF('June 2026'!C21:AF21,"H1"),COUNTIF('July 2026'!C21:AG21,"H1"),COUNTIF('August 2026'!C21:AG21,"H1"),COUNTIF('September 2026'!C21:AF21,"H1"),COUNTIF('October 2026'!C21:AG21,"H1"),COUNTIF('November 2026'!C21:AF21,"H1"),COUNTIF('December 2026'!C21:AG21,"H1")) -> 0 | L19: =SUM(COUNTIF('January 2026'!C21:AG21,"H2"),COUNTIF('February 2026'!C21:AD21,"H2"),COUNTIF('March 2026'!C21:AG21,"H2"),COUNTIF('April 2026'!C21:AF21,"H2"),COUNTIF('May 2026'!C21:AG21,"H2"),COUNTIF('June 2026'!C21:AF21,"H2"),COUNTIF('July 2026'!C21:AG21,"H2"),COUNTIF('August 2026'!C21:AG21,"H2"),COUNTIF('September 2026'!C21:AF21,"H2"),COUNTIF('October 2026'!C21:AG21,"H2"),COUNTIF('November 2026'!C21:AF21,"H2"),COUNTIF('December 2026'!C21:AG21,"H2")) -> 0 | M19: =SUM(COUNTIF('January 2026'!C21:AG21,"Q"),COUNTIF('February 2026'!C21:AD21,"Q"),COUNTIF('March 2026'!C21:AG21,"Q"),COUNTIF('April 2026'!C21:AF21,"Q"),COUNTIF('May 2026'!C21:AG21,"Q"),COUNTIF('June 2026'!C21:AF21,"Q"),COUNTIF('July 2026'!C21:AG21,"Q"),COUNTIF('August 2026'!C21:AG21,"Q"),COUNTIF('September 2026'!C21:AF21,"Q"),COUNTIF('October 2026'!C21:AG21,"Q"),COUNTIF('November 2026'!C21:AF21,"Q"),COUNTIF('December 2026'!C21:AG21,"Q")) -> 0 | N19: =SUM(COUNTIF('January 2026'!C21:AG21,"I"),COUNTIF('February 2026'!C21:AD21,"I"),COUNTIF('March 2026'!C21:AG21,"I"),COUNTIF('April 2026'!C21:AF21,"I"),COUNTIF('May 2026'!C21:AG21,"I"),COUNTIF('June 2026'!C21:AF21,"I"),COUNTIF('July 2026'!C21:AG21,"I"),COUNTIF('August 2026'!C21:AG21,"I"),COUNTIF('September 2026'!C21:AF21,"I"),COUNTIF('October 2026'!C21:AG21,"I"),COUNTIF('November 2026'!C21:AF21,"I"),COUNTIF('December 2026'!C21:AG21,"I")) -> 0 | O19: =SUM(COUNTIF('January 2026'!C21:AG21,"S"),COUNTIF('February 2026'!C21:AD21,"S"),COUNTIF('March 2026'!C21:AG21,"S"),COUNTIF('April 2026'!C21:AF21,"S"),COUNTIF('May 2026'!C21:AG21,"S"),COUNTIF('June 2026'!C21:AF21,"S"),COUNTIF('July 2026'!C21:AG21,"S"),COUNTIF('August 2026'!C21:AG21,"S"),COUNTIF('September 2026'!C21:AF21,"S"),COUNTIF('October 2026'!C21:AG21,"S"),COUNTIF('November 2026'!C21:AF21,"S"),COUNTIF('December 2026'!C21:AG21,"S")) -> 5 | P19: =SUM(COUNTIF('January 2026'!C21:AG21,"M"),COUNTIF('February 2026'!C21:AD21,"M"),COUNTIF('March 2026'!C21:AG21,"M"),COUNTIF('April 2026'!C21:AF21,"M"),COUNTIF('May 2026'!C21:AG21,"M"),COUNTIF('June 2026'!C21:AF21,"M"),COUNTIF('July 2026'!C21:AG21,"M"),COUNTIF('August 2026'!C21:AG21,"M"),COUNTIF('September 2026'!C21:AF21,"M"),COUNTIF('October 2026'!C21:AG21,"M"),COUNTIF('November 2026'!C21:AF21,"M"),COUNTIF('December 2026'!C21:AG21,"M")) -> 1 | Q19: =SUM(COUNTIF('January 2026'!C21:AG21,"C"),COUNTIF('February 2026'!C21:AD21,"C"),COUNTIF('March 2026'!C21:AG21,"C"),COUNTIF('April 2026'!C21:AF21,"C"),COUNTIF('May 2026'!C21:AG21,"C"),COUNTIF('June 2026'!C21:AF21,"C"),COUNTIF('July 2026'!C21:AG21,"C"),COUNTIF('August 2026'!C21:AG21,"C"),COUNTIF('September 2026'!C21:AF21,"C"),COUNTIF('October 2026'!C21:AG21,"C"),COUNTIF('November 2026'!C21:AF21,"C"),COUNTIF('December 2026'!C21:AG21,"C")) -> 0 | R19: =SUM(COUNTIF('January 2026'!C21:AG21,"V"),COUNTIF('February 2026'!C21:AD21,"V"),COUNTIF('March 2026'!C21:AG21,"V"),COUNTIF('April 2026'!C21:AF21,"V"),COUNTIF('May 2026'!C21:AG21,"V"),COUNTIF('June 2026'!C21:AF21,"V"),COUNTIF('July 2026'!C21:AG21,"V"),COUNTIF('August 2026'!C21:AG21,"V"),COUNTIF('September 2026'!C21:AF21,"V"),COUNTIF('October 2026'!C21:AG21,"V"),COUNTIF('November 2026'!C21:AF21,"V"),COUNTIF('December 2026'!C21:AG21,"V")) -> 0 | S19: =SUM(COUNTIF('January 2026'!C21:AG21,"A"),COUNTIF('February 2026'!C21:AD21,"A"),COUNTIF('March 2026'!C21:AG21,"A"),COUNTIF('April 2026'!C21:AF21,"A"),COUNTIF('May 2026'!C21:AG21,"A"),COUNTIF('June 2026'!C21:AF21,"A"),COUNTIF('July 2026'!C21:AG21,"A"),COUNTIF('August 2026'!C21:AG21,"A"),COUNTIF('September 2026'!C21:AF21,"A"),COUNTIF('October 2026'!C21:AG21,"A"),COUNTIF('November 2026'!C21:AF21,"A"),COUNTIF('December 2026'!C21:AG21,"A")) -> 0
